-- phpMyAdmin SQL Dump
-- version 5.2.1
-- https://www.phpmyadmin.net/
--
-- Servidor: 127.0.0.1
-- Tiempo de generación: 09-12-2024 a las 03:07:25
-- Versión del servidor: 10.4.32-MariaDB
-- Versión de PHP: 8.2.12

SET SQL_MODE = "NO_AUTO_VALUE_ON_ZERO";
START TRANSACTION;
SET time_zone = "+00:00";


/*!40101 SET @OLD_CHARACTER_SET_CLIENT=@@CHARACTER_SET_CLIENT */;
/*!40101 SET @OLD_CHARACTER_SET_RESULTS=@@CHARACTER_SET_RESULTS */;
/*!40101 SET @OLD_COLLATION_CONNECTION=@@COLLATION_CONNECTION */;
/*!40101 SET NAMES utf8mb4 */;

--
-- Base de datos: `tesisappsistemdb`
--

-- --------------------------------------------------------

--
-- Estructura de tabla para la tabla `admins`
--

CREATE TABLE `admins` (
  `id` bigint(20) UNSIGNED NOT NULL,
  `nombre` varchar(255) NOT NULL,
  `tipo` varchar(255) NOT NULL,
  `vendor_id` int(11) NOT NULL,
  `celular` varchar(255) NOT NULL,
  `email` varchar(255) NOT NULL,
  `password` varchar(255) NOT NULL,
  `imagen` varchar(255) DEFAULT NULL,
  `confirmar` enum('No','Si') NOT NULL DEFAULT 'No',
  `status` tinyint(4) NOT NULL,
  `created_at` timestamp NULL DEFAULT NULL,
  `updated_at` timestamp NULL DEFAULT NULL
) ENGINE=InnoDB DEFAULT CHARSET=utf8mb4 COLLATE=utf8mb4_unicode_ci;

--
-- Volcado de datos para la tabla `admins`
--

INSERT INTO `admins` (`id`, `nombre`, `tipo`, `vendor_id`, `celular`, `email`, `password`, `imagen`, `confirmar`, `status`, `created_at`, `updated_at`) VALUES
(1, 'Kevin Masabanda', 'superadmin', 0, '0983004127', 'kevinmasabanda2c@gmail.com', '$2y$10$mdcQTIggzHW4jyzodTurQOjXur79pkH5eRgqdQCCnusZH3T8kSfe2', '1721325695.jpg', 'Si', 1, NULL, '2024-08-08 22:02:36'),
(2, 'Joselyn Ortega', 'vendedor', 1, '0984078299', 'joselynortega243@gmail.com', '$2y$10$BKivTY6lY4mPiMBFeqsSYO9qfF7MtsCe2qQLRzc3QZroPSZ7vcwE6', '1721755046.jpg', 'Si', 1, NULL, '2024-12-06 21:18:13'),
(4, 'Dayana', 'vendedor', 3, '0984775128', 'dayanachaglla7@gmail.com', '$2y$10$kw8PjNYoUlDcJjFs5HimDu8RrRoqrp4kip7NXlihcxcjHL.8gIC8C', '', 'Si', 1, '2024-08-21 05:35:04', '2024-11-27 03:49:04'),
(5, 'Henry Guamanzara', 'vendedor', 4, '0987436279', 'henryguamanzara55@gmail.com', '$2y$10$NUW8Xk89yGo1T9qBjNjone1UXl8YS35L.RFptiPkSGAO0Q0IlaPo.', '', 'Si', 1, '2024-08-21 21:05:24', '2024-12-01 15:51:20'),
(6, 'Kevin Zapata', 'vendedor', 5, '0984775166', 'kz52952@gmail.com', '$2y$10$RqppwGIbWDZpSfi2RTUIju10KBqR8xZt98oeXeK2pNcD4sLC5lI9.', '', 'Si', 1, '2024-11-26 20:34:26', '2024-12-02 13:37:03');

-- --------------------------------------------------------

--
-- Estructura de tabla para la tabla `banners`
--

CREATE TABLE `banners` (
  `id` bigint(20) UNSIGNED NOT NULL,
  `image` varchar(255) NOT NULL,
  `tipo` varchar(255) NOT NULL,
  `link` varchar(255) NOT NULL,
  `titulo` varchar(255) NOT NULL,
  `alt` varchar(255) NOT NULL,
  `status` tinyint(4) NOT NULL,
  `created_at` timestamp NULL DEFAULT NULL,
  `updated_at` timestamp NULL DEFAULT NULL
) ENGINE=InnoDB DEFAULT CHARSET=utf8mb4 COLLATE=utf8mb4_unicode_ci;

--
-- Volcado de datos para la tabla `banners`
--

INSERT INTO `banners` (`id`, `image`, `tipo`, `link`, `titulo`, `alt`, `status`, `created_at`, `updated_at`) VALUES
(1, '1732736003.jpg', 'Deslizante', 'coleccion_ambatuEC', 'HambatuEC', 'HambatuEC Ropa', 1, NULL, '2024-11-27 19:33:23'),
(2, '1732730967.jpg', 'Deslizante', 'B_Flower', 'Flower Shop Joselyn', 'B_Flower', 1, NULL, '2024-11-27 19:34:32'),
(4, '1732729732.jpg', 'Anuncio', 'test', 'test', 'test', 1, '2024-08-12 22:23:21', '2024-11-27 17:48:52'),
(6, '1732731345.jpg', 'Deslizante', 'B_Tech', 'Tecni Tech', 'B_Tech', 1, '2024-11-27 17:55:11', '2024-11-27 19:34:48');

-- --------------------------------------------------------

--
-- Estructura de tabla para la tabla `brands`
--

CREATE TABLE `brands` (
  `id` bigint(20) UNSIGNED NOT NULL,
  `nombre` varchar(255) NOT NULL,
  `status` tinyint(4) NOT NULL,
  `created_at` timestamp NULL DEFAULT NULL,
  `updated_at` timestamp NULL DEFAULT NULL
) ENGINE=InnoDB DEFAULT CHARSET=utf8mb4 COLLATE=utf8mb4_unicode_ci;

--
-- Volcado de datos para la tabla `brands`
--

INSERT INTO `brands` (`id`, `nombre`, `status`, `created_at`, `updated_at`) VALUES
(1, 'Samsung', 1, NULL, '2024-08-07 03:18:06'),
(2, 'LG', 1, NULL, NULL),
(3, 'Apple', 1, NULL, NULL),
(4, 'Honor', 1, NULL, NULL),
(6, 'Mi', 1, '2024-08-01 04:11:26', '2024-08-01 04:11:26'),
(7, 'HambatuEC', 1, '2024-08-01 04:22:22', '2024-08-01 04:22:22'),
(8, 'Flower Shop Joselyn', 1, '2024-08-01 04:24:41', '2024-08-01 04:24:41'),
(9, 'KingTech', 1, '2024-08-17 22:21:30', '2024-08-17 22:21:30'),
(10, 'Huawei', 1, '2024-12-04 16:09:55', '2024-12-04 16:09:55'),
(11, 'Audi XTech', 1, '2024-12-04 17:47:22', '2024-12-04 17:47:22');

-- --------------------------------------------------------

--
-- Estructura de tabla para la tabla `carts`
--

CREATE TABLE `carts` (
  `id` bigint(20) UNSIGNED NOT NULL,
  `session_id` varchar(255) NOT NULL,
  `user_id` int(11) DEFAULT NULL,
  `product_id` int(11) NOT NULL,
  `tamano` varchar(255) NOT NULL,
  `cantidad` int(11) NOT NULL,
  `created_at` timestamp NULL DEFAULT NULL,
  `updated_at` timestamp NULL DEFAULT NULL
) ENGINE=InnoDB DEFAULT CHARSET=utf8mb4 COLLATE=utf8mb4_unicode_ci;

--
-- Volcado de datos para la tabla `carts`
--

INSERT INTO `carts` (`id`, `session_id`, `user_id`, `product_id`, `tamano`, `cantidad`, `created_at`, `updated_at`) VALUES
(50, 'bf11f70907683144133ba281412c550b', 0, 16, '64GB - 4GB', 1, '2024-09-04 02:54:46', '2024-09-04 02:56:28'),
(51, 'bf11f70907683144133ba281412c550b', 0, 4, 'pequeño', 1, '2024-09-04 02:58:22', '2024-09-04 02:58:29'),
(93, '7b6454fca35a676e63eb0f9a28e75eed', 4, 14, 'grande', 1, '2024-09-05 23:18:57', '2024-09-05 23:18:57'),
(97, 'b04bf095ae3b93c240e39fe8c890df68', 0, 14, 'grande', 1, '2024-11-18 15:24:27', '2024-11-18 15:24:27'),
(98, 'a4eff51cdf23f9eb9207c8ca84cf158c', 0, 16, '64GB - 4GB', 1, '2024-11-27 19:44:29', '2024-11-27 19:44:53'),
(99, 'a298291fa2d458ed275cce011ab5e926', 3, 16, '64GB - 4GB', 1, '2024-12-01 15:06:15', '2024-12-01 15:11:14'),
(117, '343d4c20a852912b7885a6e73651a0bb', 12, 14, 'grande', 1, '2024-12-08 21:08:44', '2024-12-08 21:08:44');

-- --------------------------------------------------------

--
-- Estructura de tabla para la tabla `categories`
--

CREATE TABLE `categories` (
  `id` bigint(20) UNSIGNED NOT NULL,
  `parent_id` int(11) NOT NULL,
  `section_id` int(11) NOT NULL,
  `categoria_nombre` varchar(255) NOT NULL,
  `categoria_image` varchar(255) NOT NULL,
  `categoria_descuento` float NOT NULL DEFAULT 0,
  `descripcion` text DEFAULT NULL,
  `url` varchar(255) NOT NULL,
  `meta_titulo` varchar(255) DEFAULT NULL,
  `meta_descripcion` varchar(255) DEFAULT NULL,
  `meta_palabraclave` varchar(255) DEFAULT NULL,
  `status` tinyint(4) NOT NULL,
  `created_at` timestamp NULL DEFAULT NULL,
  `updated_at` timestamp NULL DEFAULT NULL
) ENGINE=InnoDB DEFAULT CHARSET=utf8mb4 COLLATE=utf8mb4_unicode_ci;

--
-- Volcado de datos para la tabla `categories`
--

INSERT INTO `categories` (`id`, `parent_id`, `section_id`, `categoria_nombre`, `categoria_image`, `categoria_descuento`, `descripcion`, `url`, `meta_titulo`, `meta_descripcion`, `meta_palabraclave`, `status`, `created_at`, `updated_at`) VALUES
(1, 0, 1, 'Hombre', '', 0, '', 'hombre', '', '', '', 1, NULL, '2024-08-28 04:32:16'),
(2, 0, 1, 'Mujer', '', 0, '', 'mujer', '', '', '', 1, NULL, NULL),
(3, 0, 1, 'Niños', '', 0, '', 'niños', '', '', '', 1, NULL, '2024-08-11 01:07:40'),
(4, 0, 2, 'Celulares', '', 10, 'prueba', 'celulares', 'celulares', 'celulares', 'celulares', 1, '2024-07-30 23:25:54', '2024-07-30 23:27:26'),
(5, 4, 2, 'Tablet', '', 10, 'tablets', 'tablet', 'tablet', 'tablet', 'tablet', 1, '2024-07-31 03:07:42', '2024-07-31 03:07:42'),
(6, 1, 1, 'Camisetas H', '', 0, NULL, 'camisetasH', 'camisetas de hombre', 'gran variedad de camisetas para hombre', 'camisetas de hombre', 1, '2024-07-31 03:22:57', '2024-09-05 06:29:24'),
(7, 2, 1, 'Pantalón M', '', 0, NULL, 'pantalónM', 'pantalónM', 'pantalónM', 'pantalónM', 1, '2024-07-31 03:24:35', '2024-08-15 01:32:17'),
(8, 3, 1, 'Busos N', '', 0, NULL, 'busosN', 'busosN', 'busosN', 'busosN', 1, '2024-07-31 22:01:55', '2024-08-15 01:33:39'),
(10, 4, 2, 'Audífonos', '1722448136.jpg', 0, NULL, 'audífonos', NULL, NULL, NULL, 1, '2024-07-31 22:22:46', '2024-07-31 22:48:56'),
(11, 0, 3, 'Flores Eternas', '', 0, 'flores eternas como amor para tu mejor ocasion', 'floreseternas', NULL, NULL, NULL, 1, '2024-08-01 04:25:38', '2024-09-04 02:51:02'),
(12, 11, 3, 'Rosas Eternas', '', 0, NULL, 'ramos', 'ramos', 'ramos', 'ramos', 1, '2024-08-11 01:20:07', '2024-12-01 17:20:22'),
(13, 2, 1, 'Camisetas M', '', 0, NULL, 'camisetasM', 'camisetasM', 'camisetasM', 'camisetasM', 1, '2024-08-13 20:23:54', '2024-08-15 01:30:57'),
(15, 11, 3, 'Rosas Naturales', '', 0, NULL, 'rosas naturales', 'rosas naturales', 'rosas naturales', 'rosas naturales', 1, '2024-12-01 17:22:59', '2024-12-01 17:22:59');

-- --------------------------------------------------------

--
-- Estructura de tabla para la tabla `cod_pincodes`
--

CREATE TABLE `cod_pincodes` (
  `id` int(11) NOT NULL,
  `pincode` varchar(20) NOT NULL,
  `created_at` datetime NOT NULL,
  `updated_at` timestamp NOT NULL DEFAULT current_timestamp() ON UPDATE current_timestamp()
) ENGINE=InnoDB DEFAULT CHARSET=utf8 COLLATE=utf8_spanish_ci;

--
-- Volcado de datos para la tabla `cod_pincodes`
--

INSERT INTO `cod_pincodes` (`id`, `pincode`, `created_at`, `updated_at`) VALUES
(1, '200107', '2024-09-04 00:00:00', '2024-09-04 05:00:00'),
(2, '200102', '2024-09-04 00:00:00', '2024-09-04 05:00:00'),
(3, '200103', '2024-09-04 00:00:00', '2024-09-04 05:00:00'),
(4, '200104', '2024-09-04 00:00:00', '2024-09-04 05:00:00'),
(5, '200101', '2024-09-04 00:00:00', '2024-09-04 05:00:00'),
(6, '200106', '2024-09-04 00:00:00', '2024-09-04 05:00:00'),
(7, '200105', '2024-09-04 00:00:00', '2024-09-04 05:00:00'),
(8, '90405', '2024-09-04 00:00:00', '2024-09-04 05:00:00'),
(9, '90404', '2024-09-04 00:00:00', '2024-09-04 05:00:00'),
(10, '90402', '2024-09-04 00:00:00', '2024-09-04 05:00:00'),
(11, '90509', '2024-09-04 00:00:00', '2024-09-04 05:00:00'),
(12, '90503', '2024-09-04 00:00:00', '2024-09-04 05:00:00'),
(13, '90604', '2024-09-04 00:00:00', '2024-09-04 05:00:00'),
(14, '90502', '2024-09-04 00:00:00', '2024-09-04 05:00:00'),
(15, '90506', '2024-09-04 00:00:00', '2024-09-04 05:00:00'),
(16, '90504', '2024-09-04 00:00:00', '2024-09-04 05:00:00'),
(17, '90706', '2024-09-04 00:00:00', '2024-09-04 05:00:00'),
(18, '90602', '2024-09-04 00:00:00', '2024-09-04 05:00:00'),
(19, '90608', '2024-09-04 00:00:00', '2024-09-04 05:00:00'),
(20, '90505', '2024-09-04 00:00:00', '2024-09-04 05:00:00'),
(21, '90901', '2024-09-04 00:00:00', '2024-09-04 05:00:00'),
(22, '90902', '2024-09-04 00:00:00', '2024-09-04 05:00:00'),
(23, '90707', '2024-09-04 00:00:00', '2024-09-04 05:00:00'),
(24, '91001', '2024-09-04 00:00:00', '2024-09-04 05:00:00'),
(25, '91002', '2024-09-04 00:00:00', '2024-09-04 05:00:00'),
(26, '90105', '2024-09-04 00:00:00', '2024-09-04 05:00:00'),
(27, '90107', '2024-09-04 00:00:00', '2024-09-04 05:00:00'),
(28, '91712', '2024-09-04 00:00:00', '2024-09-04 05:00:00'),
(29, '91911', '2024-09-04 00:00:00', '2024-09-04 05:00:00'),
(30, '91910', '2024-09-04 00:00:00', '2024-09-04 05:00:00'),
(31, '91901', '2024-09-04 00:00:00', '2024-09-04 05:00:00'),
(32, '91101', '2024-09-04 00:00:00', '2024-09-04 05:00:00'),
(33, '91102', '2024-09-04 00:00:00', '2024-09-04 05:00:00'),
(34, '91205', '2024-09-04 00:00:00', '2024-09-04 05:00:00'),
(35, '90301', '2024-09-04 00:00:00', '2024-09-04 05:00:00'),
(36, '90807', '2024-09-04 00:00:00', '2024-09-04 05:00:00'),
(37, '92407', '2024-09-04 00:00:00', '2024-09-04 05:00:00'),
(38, '91401', '2024-09-04 00:00:00', '2024-09-04 05:00:00'),
(39, '91404', '2024-09-04 00:00:00', '2024-09-04 05:00:00'),
(40, '91405', '2024-09-04 00:00:00', '2024-09-04 05:00:00'),
(41, '92002', '2024-09-04 00:00:00', '2024-09-04 05:00:00'),
(42, '92003', '2024-09-04 00:00:00', '2024-09-04 05:00:00'),
(43, '92001', '2024-09-04 00:00:00', '2024-09-04 05:00:00'),
(44, '92102', '2024-09-04 00:00:00', '2024-09-04 05:00:00'),
(45, '92101', '2024-09-04 00:00:00', '2024-09-04 05:00:00'),
(46, '92103', '2024-09-04 00:00:00', '2024-09-04 05:00:00'),
(47, '92203', '2024-09-04 00:00:00', '2024-09-04 05:00:00'),
(48, '92201', '2024-09-04 00:00:00', '2024-09-04 05:00:00'),
(49, '92303', '2024-09-04 00:00:00', '2024-09-04 05:00:00'),
(50, '90204', '2024-09-04 00:00:00', '2024-09-04 05:00:00'),
(51, '90205', '2024-09-04 00:00:00', '2024-09-04 05:00:00'),
(52, '90206', '2024-09-04 00:00:00', '2024-09-04 05:00:00'),
(53, '90406', '2024-09-04 00:00:00', '2024-09-04 05:00:00'),
(54, '90508', '2024-09-04 00:00:00', '2024-09-04 05:00:00'),
(55, '90302', '2024-09-04 00:00:00', '2024-09-04 05:00:00'),
(56, '90401', '2024-09-04 00:00:00', '2024-09-04 05:00:00'),
(57, '90701', '2024-09-04 00:00:00', '2024-09-04 05:00:00'),
(58, '90803', '2024-09-04 00:00:00', '2024-09-04 05:00:00'),
(59, '90103', '2024-09-04 00:00:00', '2024-09-04 05:00:00'),
(60, '90101', '2024-09-04 00:00:00', '2024-09-04 05:00:00'),
(61, '91905', '2024-09-04 00:00:00', '2024-09-04 05:00:00'),
(62, '91714', '2024-09-04 00:00:00', '2024-09-04 05:00:00'),
(63, '92004', '2024-09-04 00:00:00', '2024-09-04 05:00:00'),
(64, '92005', '2024-09-04 00:00:00', '2024-09-04 05:00:00'),
(65, '92410', '2024-09-04 00:00:00', '2024-09-04 05:00:00'),
(66, '91711', '2024-09-04 00:00:00', '2024-09-04 05:00:00'),
(67, '91706', '2024-09-04 00:00:00', '2024-09-04 05:00:00'),
(68, '91902', '2024-09-04 00:00:00', '2024-09-04 05:00:00'),
(69, '91903', '2024-09-04 00:00:00', '2024-09-04 05:00:00'),
(70, '92408', '2024-09-04 00:00:00', '2024-09-04 05:00:00'),
(71, '92409', '2024-09-04 00:00:00', '2024-09-04 05:00:00'),
(72, '92402', '2024-09-04 00:00:00', '2024-09-04 05:00:00'),
(73, '91713', '2024-09-04 00:00:00', '2024-09-04 05:00:00'),
(74, '91103', '2024-09-04 00:00:00', '2024-09-04 05:00:00'),
(75, '91104', '2024-09-04 00:00:00', '2024-09-04 05:00:00'),
(76, '91904', '2024-09-04 00:00:00', '2024-09-04 05:00:00'),
(77, '92104', '2024-09-04 00:00:00', '2024-09-04 05:00:00'),
(78, '90305', '2024-09-04 00:00:00', '2024-09-04 05:00:00'),
(79, '90202', '2024-09-04 00:00:00', '2024-09-04 05:00:00'),
(80, '90403', '2024-09-04 00:00:00', '2024-09-04 05:00:00'),
(81, '90201', '2024-09-04 00:00:00', '2024-09-04 05:00:00'),
(82, '90306', '2024-09-04 00:00:00', '2024-09-04 05:00:00'),
(83, '90304', '2024-09-04 00:00:00', '2024-09-04 05:00:00'),
(84, '90607', '2024-09-04 00:00:00', '2024-09-04 05:00:00'),
(85, '90307', '2024-09-04 00:00:00', '2024-09-04 05:00:00'),
(86, '90303', '2024-09-04 00:00:00', '2024-09-04 05:00:00'),
(87, '90605', '2024-09-04 00:00:00', '2024-09-04 05:00:00'),
(88, '90805', '2024-09-04 00:00:00', '2024-09-04 05:00:00'),
(89, '90704', '2024-09-04 00:00:00', '2024-09-04 05:00:00'),
(90, '90606', '2024-09-04 00:00:00', '2024-09-04 05:00:00'),
(91, '90601', '2024-09-04 00:00:00', '2024-09-04 05:00:00'),
(92, '90603', '2024-09-04 00:00:00', '2024-09-04 05:00:00'),
(93, '90203', '2024-09-04 00:00:00', '2024-09-04 05:00:00'),
(94, '90812', '2024-09-04 00:00:00', '2024-09-04 05:00:00'),
(95, '90705', '2024-09-04 00:00:00', '2024-09-04 05:00:00'),
(96, '90703', '2024-09-04 00:00:00', '2024-09-04 05:00:00'),
(97, '90702', '2024-09-04 00:00:00', '2024-09-04 05:00:00'),
(98, '90806', '2024-09-04 00:00:00', '2024-09-04 05:00:00'),
(99, '90810', '2024-09-04 00:00:00', '2024-09-04 05:00:00'),
(100, '90802', '2024-09-04 00:00:00', '2024-09-04 05:00:00'),
(101, '90801', '2024-09-04 00:00:00', '2024-09-04 05:00:00'),
(102, '90808', '2024-09-04 00:00:00', '2024-09-04 05:00:00'),
(103, '90102', '2024-09-04 00:00:00', '2024-09-04 05:00:00'),
(104, '90811', '2024-09-04 00:00:00', '2024-09-04 05:00:00'),
(105, '90903', '2024-09-04 00:00:00', '2024-09-04 05:00:00'),
(106, '92405', '2024-09-04 00:00:00', '2024-09-04 05:00:00'),
(107, '90104', '2024-09-04 00:00:00', '2024-09-04 05:00:00'),
(108, '91708', '2024-09-04 00:00:00', '2024-09-04 05:00:00'),
(109, '91701', '2024-09-04 00:00:00', '2024-09-04 05:00:00'),
(110, '91703', '2024-09-04 00:00:00', '2024-09-04 05:00:00'),
(111, '91705', '2024-09-04 00:00:00', '2024-09-04 05:00:00'),
(112, '91704', '2024-09-04 00:00:00', '2024-09-04 05:00:00'),
(113, '92401', '2024-09-04 00:00:00', '2024-09-04 05:00:00'),
(114, '92404', '2024-09-04 00:00:00', '2024-09-04 05:00:00'),
(115, '92301', '2024-09-04 00:00:00', '2024-09-04 05:00:00'),
(116, '91707', '2024-09-04 00:00:00', '2024-09-04 05:00:00'),
(117, '90106', '2024-09-04 00:00:00', '2024-09-04 05:00:00'),
(118, '90708', '2024-09-04 00:00:00', '2024-09-04 05:00:00'),
(119, '91003', '2024-09-04 00:00:00', '2024-09-04 05:00:00'),
(120, '91909', '2024-09-04 00:00:00', '2024-09-04 05:00:00'),
(121, '90809', '2024-09-04 00:00:00', '2024-09-04 05:00:00'),
(122, '92406', '2024-09-04 00:00:00', '2024-09-04 05:00:00'),
(123, '91406', '2024-09-04 00:00:00', '2024-09-04 05:00:00'),
(124, '92202', '2024-09-04 00:00:00', '2024-09-04 05:00:00'),
(125, '91709', '2024-09-04 00:00:00', '2024-09-04 05:00:00'),
(126, '91710', '2024-09-04 00:00:00', '2024-09-04 05:00:00'),
(127, '91702', '2024-09-04 00:00:00', '2024-09-04 05:00:00'),
(128, '91309', '2024-09-04 00:00:00', '2024-09-04 05:00:00'),
(129, '92105', '2024-09-04 00:00:00', '2024-09-04 05:00:00'),
(130, '90501', '2024-09-04 00:00:00', '2024-09-04 05:00:00'),
(131, '90804', '2024-09-04 00:00:00', '2024-09-04 05:00:00'),
(132, '92403', '2024-09-04 00:00:00', '2024-09-04 05:00:00'),
(133, '90507', '2024-09-04 00:00:00', '2024-09-04 05:00:00'),
(134, '90510', '2024-09-04 00:00:00', '2024-09-04 05:00:00'),
(135, '91801', '2024-09-04 00:00:00', '2024-09-04 05:00:00'),
(136, '91208', '2024-09-04 00:00:00', '2024-09-04 05:00:00'),
(137, '91207', '2024-09-04 00:00:00', '2024-09-04 05:00:00'),
(138, '91203', '2024-09-04 00:00:00', '2024-09-04 05:00:00'),
(139, '91206', '2024-09-04 00:00:00', '2024-09-04 05:00:00'),
(140, '91716', '2024-09-04 00:00:00', '2024-09-04 05:00:00'),
(141, '91604', '2024-09-04 00:00:00', '2024-09-04 05:00:00'),
(142, '91803', '2024-09-04 00:00:00', '2024-09-04 05:00:00'),
(143, '91603', '2024-09-04 00:00:00', '2024-09-04 05:00:00'),
(144, '91601', '2024-09-04 00:00:00', '2024-09-04 05:00:00'),
(145, '91602', '2024-09-04 00:00:00', '2024-09-04 05:00:00'),
(146, '91204', '2024-09-04 00:00:00', '2024-09-04 05:00:00'),
(147, '91802', '2024-09-04 00:00:00', '2024-09-04 05:00:00'),
(148, '91202', '2024-09-04 00:00:00', '2024-09-04 05:00:00'),
(149, '91201', '2024-09-04 00:00:00', '2024-09-04 05:00:00'),
(150, '91715', '2024-09-04 00:00:00', '2024-09-04 05:00:00'),
(151, '91804', '2024-09-04 00:00:00', '2024-09-04 05:00:00'),
(152, '91505', '2024-09-04 00:00:00', '2024-09-04 05:00:00'),
(153, '91402', '2024-09-04 00:00:00', '2024-09-04 05:00:00'),
(154, '91503', '2024-09-04 00:00:00', '2024-09-04 05:00:00'),
(155, '91504', '2024-09-04 00:00:00', '2024-09-04 05:00:00'),
(156, '91906', '2024-09-04 00:00:00', '2024-09-04 05:00:00'),
(157, '91908', '2024-09-04 00:00:00', '2024-09-04 05:00:00'),
(158, '91304', '2024-09-04 00:00:00', '2024-09-04 05:00:00'),
(159, '91306', '2024-09-04 00:00:00', '2024-09-04 05:00:00'),
(160, '91308', '2024-09-04 00:00:00', '2024-09-04 05:00:00'),
(161, '91305', '2024-09-04 00:00:00', '2024-09-04 05:00:00'),
(162, '91506', '2024-09-04 00:00:00', '2024-09-04 05:00:00'),
(163, '91502', '2024-09-04 00:00:00', '2024-09-04 05:00:00'),
(164, '91307', '2024-09-04 00:00:00', '2024-09-04 05:00:00'),
(165, '91301', '2024-09-04 00:00:00', '2024-09-04 05:00:00'),
(166, '91302', '2024-09-04 00:00:00', '2024-09-04 05:00:00'),
(167, '91303', '2024-09-04 00:00:00', '2024-09-04 05:00:00'),
(168, '91501', '2024-09-04 00:00:00', '2024-09-04 05:00:00'),
(169, '91403', '2024-09-04 00:00:00', '2024-09-04 05:00:00'),
(170, '91907', '2024-09-04 00:00:00', '2024-09-04 05:00:00'),
(171, '91310', '2024-09-04 00:00:00', '2024-09-04 05:00:00'),
(172, '92302', '2024-09-04 00:00:00', '2024-09-04 05:00:00'),
(173, '92304', '2024-09-04 00:00:00', '2024-09-04 05:00:00'),
(174, '120314', '2024-09-04 00:00:00', '2024-09-04 05:00:00'),
(175, '170210', '2024-09-04 00:00:00', '2024-09-04 05:00:00'),
(176, '170712', '2024-09-04 00:00:00', '2024-09-04 05:00:00'),
(177, '170517', '2024-09-04 00:00:00', '2024-09-04 05:00:00'),
(178, '170510', '2024-09-04 00:00:00', '2024-09-04 05:00:00'),
(179, '170507', '2024-09-04 00:00:00', '2024-09-04 05:00:00'),
(180, '170505', '2024-09-04 00:00:00', '2024-09-04 05:00:00'),
(181, '170406', '2024-09-04 00:00:00', '2024-09-04 05:00:00'),
(182, '170408', '2024-09-04 00:00:00', '2024-09-04 05:00:00'),
(183, '170902', '2024-09-04 00:00:00', '2024-09-04 05:00:00'),
(184, '170905', '2024-09-04 00:00:00', '2024-09-04 05:00:00'),
(185, '170908', '2024-09-04 00:00:00', '2024-09-04 05:00:00'),
(186, '170910', '2024-09-04 00:00:00', '2024-09-04 05:00:00'),
(187, '170911', '2024-09-04 00:00:00', '2024-09-04 05:00:00'),
(188, '170909', '2024-09-04 00:00:00', '2024-09-04 05:00:00'),
(189, '170906', '2024-09-04 00:00:00', '2024-09-04 05:00:00'),
(190, '170903', '2024-09-04 00:00:00', '2024-09-04 05:00:00'),
(191, '120310', '2024-09-04 00:00:00', '2024-09-04 05:00:00'),
(192, '120101', '2024-09-04 00:00:00', '2024-09-04 05:00:00'),
(193, '120113', '2024-09-04 00:00:00', '2024-09-04 05:00:00'),
(194, '120114', '2024-09-04 00:00:00', '2024-09-04 05:00:00'),
(195, '120115', '2024-09-04 00:00:00', '2024-09-04 05:00:00'),
(196, '120116', '2024-09-04 00:00:00', '2024-09-04 05:00:00'),
(197, '120109', '2024-09-04 00:00:00', '2024-09-04 05:00:00'),
(198, '120202', '2024-09-04 00:00:00', '2024-09-04 05:00:00'),
(199, '120206', '2024-09-04 00:00:00', '2024-09-04 05:00:00'),
(200, '120108', '2024-09-04 00:00:00', '2024-09-04 05:00:00'),
(201, '120605', '2024-09-04 00:00:00', '2024-09-04 05:00:00'),
(202, '120307', '2024-09-04 00:00:00', '2024-09-04 05:00:00'),
(203, '120308', '2024-09-04 00:00:00', '2024-09-04 05:00:00'),
(204, '120309', '2024-09-04 00:00:00', '2024-09-04 05:00:00'),
(205, '120303', '2024-09-04 00:00:00', '2024-09-04 05:00:00'),
(206, '120107', '2024-09-04 00:00:00', '2024-09-04 05:00:00'),
(207, '120311', '2024-09-04 00:00:00', '2024-09-04 05:00:00'),
(208, '120117', '2024-09-04 00:00:00', '2024-09-04 05:00:00'),
(209, '120120', '2024-09-04 00:00:00', '2024-09-04 05:00:00'),
(210, '120204', '2024-09-04 00:00:00', '2024-09-04 05:00:00'),
(211, '120201', '2024-09-04 00:00:00', '2024-09-04 05:00:00'),
(212, '120503', '2024-09-04 00:00:00', '2024-09-04 05:00:00'),
(213, '120502', '2024-09-04 00:00:00', '2024-09-04 05:00:00'),
(214, '120506', '2024-09-04 00:00:00', '2024-09-04 05:00:00'),
(215, '120606', '2024-09-04 00:00:00', '2024-09-04 05:00:00'),
(216, '120301', '2024-09-04 00:00:00', '2024-09-04 05:00:00'),
(217, '120305', '2024-09-04 00:00:00', '2024-09-04 05:00:00'),
(218, '120401', '2024-09-04 00:00:00', '2024-09-04 05:00:00'),
(219, '120403', '2024-09-04 00:00:00', '2024-09-04 05:00:00'),
(220, '120407', '2024-09-04 00:00:00', '2024-09-04 05:00:00'),
(221, '120507', '2024-09-04 00:00:00', '2024-09-04 05:00:00'),
(222, '120508', '2024-09-04 00:00:00', '2024-09-04 05:00:00'),
(223, '120511', '2024-09-04 00:00:00', '2024-09-04 05:00:00'),
(224, '120603', '2024-09-04 00:00:00', '2024-09-04 05:00:00'),
(225, '120601', '2024-09-04 00:00:00', '2024-09-04 05:00:00'),
(226, '120609', '2024-09-04 00:00:00', '2024-09-04 05:00:00'),
(227, '120306', '2024-09-04 00:00:00', '2024-09-04 05:00:00'),
(228, '120103', '2024-09-04 00:00:00', '2024-09-04 05:00:00'),
(229, '120610', '2024-09-04 00:00:00', '2024-09-04 05:00:00'),
(230, '120602', '2024-09-04 00:00:00', '2024-09-04 05:00:00'),
(231, '120608', '2024-09-04 00:00:00', '2024-09-04 05:00:00'),
(232, '120604', '2024-09-04 00:00:00', '2024-09-04 05:00:00'),
(233, '120607', '2024-09-04 00:00:00', '2024-09-04 05:00:00'),
(234, '120111', '2024-09-04 00:00:00', '2024-09-04 05:00:00'),
(235, '120112', '2024-09-04 00:00:00', '2024-09-04 05:00:00'),
(236, '120510', '2024-09-04 00:00:00', '2024-09-04 05:00:00'),
(237, '120119', '2024-09-04 00:00:00', '2024-09-04 05:00:00'),
(238, '120118', '2024-09-04 00:00:00', '2024-09-04 05:00:00'),
(239, '120110', '2024-09-04 00:00:00', '2024-09-04 05:00:00'),
(240, '120205', '2024-09-04 00:00:00', '2024-09-04 05:00:00'),
(241, '120203', '2024-09-04 00:00:00', '2024-09-04 05:00:00'),
(242, '120313', '2024-09-04 00:00:00', '2024-09-04 05:00:00'),
(243, '120312', '2024-09-04 00:00:00', '2024-09-04 05:00:00'),
(244, '120509', '2024-09-04 00:00:00', '2024-09-04 05:00:00'),
(245, '120405', '2024-09-04 00:00:00', '2024-09-04 05:00:00'),
(246, '120404', '2024-09-04 00:00:00', '2024-09-04 05:00:00'),
(247, '120406', '2024-09-04 00:00:00', '2024-09-04 05:00:00'),
(248, '120402', '2024-09-04 00:00:00', '2024-09-04 05:00:00'),
(249, '120302', '2024-09-04 00:00:00', '2024-09-04 05:00:00'),
(250, '120501', '2024-09-04 00:00:00', '2024-09-04 05:00:00'),
(251, '120105', '2024-09-04 00:00:00', '2024-09-04 05:00:00'),
(252, '120102', '2024-09-04 00:00:00', '2024-09-04 05:00:00'),
(253, '120104', '2024-09-04 00:00:00', '2024-09-04 05:00:00'),
(254, '120106', '2024-09-04 00:00:00', '2024-09-04 05:00:00'),
(255, '120304', '2024-09-04 00:00:00', '2024-09-04 05:00:00'),
(256, '130308', '2024-09-04 00:00:00', '2024-09-04 05:00:00'),
(257, '130107', '2024-09-04 00:00:00', '2024-09-04 05:00:00'),
(258, '130210', '2024-09-04 00:00:00', '2024-09-04 05:00:00'),
(259, '130202', '2024-09-04 00:00:00', '2024-09-04 05:00:00'),
(260, '130215', '2024-09-04 00:00:00', '2024-09-04 05:00:00'),
(261, '130413', '2024-09-04 00:00:00', '2024-09-04 05:00:00'),
(262, '130409', '2024-09-04 00:00:00', '2024-09-04 05:00:00'),
(263, '130905', '2024-09-04 00:00:00', '2024-09-04 05:00:00'),
(264, '130704', '2024-09-04 00:00:00', '2024-09-04 05:00:00'),
(265, '130706', '2024-09-04 00:00:00', '2024-09-04 05:00:00'),
(266, '130705', '2024-09-04 00:00:00', '2024-09-04 05:00:00'),
(267, '130707', '2024-09-04 00:00:00', '2024-09-04 05:00:00'),
(268, '130711', '2024-09-04 00:00:00', '2024-09-04 05:00:00'),
(269, '130713', '2024-09-04 00:00:00', '2024-09-04 05:00:00'),
(270, '130708', '2024-09-04 00:00:00', '2024-09-04 05:00:00'),
(271, '130709', '2024-09-04 00:00:00', '2024-09-04 05:00:00'),
(272, '130108', '2024-09-04 00:00:00', '2024-09-04 05:00:00'),
(273, '130212', '2024-09-04 00:00:00', '2024-09-04 05:00:00'),
(274, '130408', '2024-09-04 00:00:00', '2024-09-04 05:00:00'),
(275, '130402', '2024-09-04 00:00:00', '2024-09-04 05:00:00'),
(276, '130102', '2024-09-04 00:00:00', '2024-09-04 05:00:00'),
(277, '130111', '2024-09-04 00:00:00', '2024-09-04 05:00:00'),
(278, '130104', '2024-09-04 00:00:00', '2024-09-04 05:00:00'),
(279, '130105', '2024-09-04 00:00:00', '2024-09-04 05:00:00'),
(280, '130211', '2024-09-04 00:00:00', '2024-09-04 05:00:00'),
(281, '130225', '2024-09-04 00:00:00', '2024-09-04 05:00:00'),
(282, '130220', '2024-09-04 00:00:00', '2024-09-04 05:00:00'),
(283, '130217', '2024-09-04 00:00:00', '2024-09-04 05:00:00'),
(284, '130224', '2024-09-04 00:00:00', '2024-09-04 05:00:00'),
(285, '130805', '2024-09-04 00:00:00', '2024-09-04 05:00:00'),
(286, '130227', '2024-09-04 00:00:00', '2024-09-04 05:00:00'),
(287, '130508', '2024-09-04 00:00:00', '2024-09-04 05:00:00'),
(288, '131008', '2024-09-04 00:00:00', '2024-09-04 05:00:00'),
(289, '130803', '2024-09-04 00:00:00', '2024-09-04 05:00:00'),
(290, '130804', '2024-09-04 00:00:00', '2024-09-04 05:00:00'),
(291, '130702', '2024-09-04 00:00:00', '2024-09-04 05:00:00'),
(292, '130703', '2024-09-04 00:00:00', '2024-09-04 05:00:00'),
(293, '130714', '2024-09-04 00:00:00', '2024-09-04 05:00:00'),
(294, '130226', '2024-09-04 00:00:00', '2024-09-04 05:00:00'),
(295, '130112', '2024-09-04 00:00:00', '2024-09-04 05:00:00'),
(296, '130117', '2024-09-04 00:00:00', '2024-09-04 05:00:00'),
(297, '130120', '2024-09-04 00:00:00', '2024-09-04 05:00:00'),
(298, '130118', '2024-09-04 00:00:00', '2024-09-04 05:00:00'),
(299, '130113', '2024-09-04 00:00:00', '2024-09-04 05:00:00'),
(300, '130116', '2024-09-04 00:00:00', '2024-09-04 05:00:00'),
(301, '130121', '2024-09-04 00:00:00', '2024-09-04 05:00:00'),
(302, '130309', '2024-09-04 00:00:00', '2024-09-04 05:00:00'),
(303, '130303', '2024-09-04 00:00:00', '2024-09-04 05:00:00'),
(304, '130310', '2024-09-04 00:00:00', '2024-09-04 05:00:00'),
(305, '130311', '2024-09-04 00:00:00', '2024-09-04 05:00:00'),
(306, '130313', '2024-09-04 00:00:00', '2024-09-04 05:00:00'),
(307, '130314', '2024-09-04 00:00:00', '2024-09-04 05:00:00'),
(308, '130312', '2024-09-04 00:00:00', '2024-09-04 05:00:00'),
(309, '130307', '2024-09-04 00:00:00', '2024-09-04 05:00:00'),
(310, '130221', '2024-09-04 00:00:00', '2024-09-04 05:00:00'),
(311, '130222', '2024-09-04 00:00:00', '2024-09-04 05:00:00'),
(312, '130710', '2024-09-04 00:00:00', '2024-09-04 05:00:00'),
(313, '130412', '2024-09-04 00:00:00', '2024-09-04 05:00:00'),
(314, '130401', '2024-09-04 00:00:00', '2024-09-04 05:00:00'),
(315, '130302', '2024-09-04 00:00:00', '2024-09-04 05:00:00'),
(316, '130305', '2024-09-04 00:00:00', '2024-09-04 05:00:00'),
(317, '130404', '2024-09-04 00:00:00', '2024-09-04 05:00:00'),
(318, '130405', '2024-09-04 00:00:00', '2024-09-04 05:00:00'),
(319, '130407', '2024-09-04 00:00:00', '2024-09-04 05:00:00'),
(320, '130411', '2024-09-04 00:00:00', '2024-09-04 05:00:00'),
(321, '130414', '2024-09-04 00:00:00', '2024-09-04 05:00:00'),
(322, '130410', '2024-09-04 00:00:00', '2024-09-04 05:00:00'),
(323, '130403', '2024-09-04 00:00:00', '2024-09-04 05:00:00'),
(324, '130406', '2024-09-04 00:00:00', '2024-09-04 05:00:00'),
(325, '130501', '2024-09-04 00:00:00', '2024-09-04 05:00:00'),
(326, '130502', '2024-09-04 00:00:00', '2024-09-04 05:00:00'),
(327, '130505', '2024-09-04 00:00:00', '2024-09-04 05:00:00'),
(328, '130504', '2024-09-04 00:00:00', '2024-09-04 05:00:00'),
(329, '130506', '2024-09-04 00:00:00', '2024-09-04 05:00:00'),
(330, '130507', '2024-09-04 00:00:00', '2024-09-04 05:00:00'),
(331, '130603', '2024-09-04 00:00:00', '2024-09-04 05:00:00'),
(332, '130602', '2024-09-04 00:00:00', '2024-09-04 05:00:00'),
(333, '130606', '2024-09-04 00:00:00', '2024-09-04 05:00:00'),
(334, '130607', '2024-09-04 00:00:00', '2024-09-04 05:00:00'),
(335, '130604', '2024-09-04 00:00:00', '2024-09-04 05:00:00'),
(336, '130605', '2024-09-04 00:00:00', '2024-09-04 05:00:00'),
(337, '130601', '2024-09-04 00:00:00', '2024-09-04 05:00:00'),
(338, '130701', '2024-09-04 00:00:00', '2024-09-04 05:00:00'),
(339, '130806', '2024-09-04 00:00:00', '2024-09-04 05:00:00'),
(340, '130904', '2024-09-04 00:00:00', '2024-09-04 05:00:00'),
(341, '130903', '2024-09-04 00:00:00', '2024-09-04 05:00:00'),
(342, '130906', '2024-09-04 00:00:00', '2024-09-04 05:00:00'),
(343, '131001', '2024-09-04 00:00:00', '2024-09-04 05:00:00'),
(344, '131006', '2024-09-04 00:00:00', '2024-09-04 05:00:00'),
(345, '131007', '2024-09-04 00:00:00', '2024-09-04 05:00:00'),
(346, '130712', '2024-09-04 00:00:00', '2024-09-04 05:00:00'),
(347, '130902', '2024-09-04 00:00:00', '2024-09-04 05:00:00'),
(348, '130218', '2024-09-04 00:00:00', '2024-09-04 05:00:00'),
(349, '130206', '2024-09-04 00:00:00', '2024-09-04 05:00:00'),
(350, '130205', '2024-09-04 00:00:00', '2024-09-04 05:00:00'),
(351, '130204', '2024-09-04 00:00:00', '2024-09-04 05:00:00'),
(352, '131009', '2024-09-04 00:00:00', '2024-09-04 05:00:00'),
(353, '131101', '2024-09-04 00:00:00', '2024-09-04 05:00:00'),
(354, '131103', '2024-09-04 00:00:00', '2024-09-04 05:00:00'),
(355, '131106', '2024-09-04 00:00:00', '2024-09-04 05:00:00'),
(356, '131102', '2024-09-04 00:00:00', '2024-09-04 05:00:00'),
(357, '131104', '2024-09-04 00:00:00', '2024-09-04 05:00:00'),
(358, '131105', '2024-09-04 00:00:00', '2024-09-04 05:00:00'),
(359, '131201', '2024-09-04 00:00:00', '2024-09-04 05:00:00'),
(360, '131202', '2024-09-04 00:00:00', '2024-09-04 05:00:00'),
(361, '131203', '2024-09-04 00:00:00', '2024-09-04 05:00:00'),
(362, '131204', '2024-09-04 00:00:00', '2024-09-04 05:00:00'),
(363, '130114', '2024-09-04 00:00:00', '2024-09-04 05:00:00'),
(364, '130115', '2024-09-04 00:00:00', '2024-09-04 05:00:00'),
(365, '130119', '2024-09-04 00:00:00', '2024-09-04 05:00:00'),
(366, '130718', '2024-09-04 00:00:00', '2024-09-04 05:00:00'),
(367, '130801', '2024-09-04 00:00:00', '2024-09-04 05:00:00'),
(368, '130802', '2024-09-04 00:00:00', '2024-09-04 05:00:00'),
(369, '131002', '2024-09-04 00:00:00', '2024-09-04 05:00:00'),
(370, '130505', '2024-09-04 00:00:00', '2024-09-04 05:00:00'),
(371, '130106', '2024-09-04 00:00:00', '2024-09-04 05:00:00'),
(372, '130719', '2024-09-04 00:00:00', '2024-09-04 05:00:00'),
(373, '130901', '2024-09-04 00:00:00', '2024-09-04 05:00:00'),
(374, '130715', '2024-09-04 00:00:00', '2024-09-04 05:00:00'),
(375, '130717', '2024-09-04 00:00:00', '2024-09-04 05:00:00'),
(376, '130716', '2024-09-04 00:00:00', '2024-09-04 05:00:00'),
(377, '130207', '2024-09-04 00:00:00', '2024-09-04 05:00:00'),
(378, '130101', '2024-09-04 00:00:00', '2024-09-04 05:00:00'),
(379, '130109', '2024-09-04 00:00:00', '2024-09-04 05:00:00'),
(380, '130110', '2024-09-04 00:00:00', '2024-09-04 05:00:00'),
(381, '130103', '2024-09-04 00:00:00', '2024-09-04 05:00:00'),
(382, '130223', '2024-09-04 00:00:00', '2024-09-04 05:00:00'),
(383, '130304', '2024-09-04 00:00:00', '2024-09-04 05:00:00'),
(384, '131005', '2024-09-04 00:00:00', '2024-09-04 05:00:00'),
(385, '130203', '2024-09-04 00:00:00', '2024-09-04 05:00:00'),
(386, '130208', '2024-09-04 00:00:00', '2024-09-04 05:00:00'),
(387, '130209', '2024-09-04 00:00:00', '2024-09-04 05:00:00'),
(388, '130306', '2024-09-04 00:00:00', '2024-09-04 05:00:00'),
(389, '130301', '2024-09-04 00:00:00', '2024-09-04 05:00:00'),
(390, '130201', '2024-09-04 00:00:00', '2024-09-04 05:00:00'),
(391, '130216', '2024-09-04 00:00:00', '2024-09-04 05:00:00'),
(392, '130219', '2024-09-04 00:00:00', '2024-09-04 05:00:00'),
(393, '130213', '2024-09-04 00:00:00', '2024-09-04 05:00:00'),
(394, '131205', '2024-09-04 00:00:00', '2024-09-04 05:00:00'),
(395, '170705', '2024-09-04 00:00:00', '2024-09-04 05:00:00'),
(396, '170504', '2024-09-04 00:00:00', '2024-09-04 05:00:00'),
(397, '170708', '2024-09-04 00:00:00', '2024-09-04 05:00:00'),
(398, '170514', '2024-09-04 00:00:00', '2024-09-04 05:00:00'),
(399, '170409', '2024-09-04 00:00:00', '2024-09-04 05:00:00'),
(400, '170614', '2024-09-04 00:00:00', '2024-09-04 05:00:00'),
(401, '170710', '2024-09-04 00:00:00', '2024-09-04 05:00:00'),
(402, '170711', '2024-09-04 00:00:00', '2024-09-04 05:00:00'),
(403, '170513', '2024-09-04 00:00:00', '2024-09-04 05:00:00'),
(404, '170706', '2024-09-04 00:00:00', '2024-09-04 05:00:00'),
(405, '170703', '2024-09-04 00:00:00', '2024-09-04 05:00:00'),
(406, '170512', '2024-09-04 00:00:00', '2024-09-04 05:00:00'),
(407, '170313', '2024-09-04 00:00:00', '2024-09-04 05:00:00'),
(408, '170319', '2024-09-04 00:00:00', '2024-09-04 05:00:00'),
(409, '170316', '2024-09-04 00:00:00', '2024-09-04 05:00:00'),
(410, '170315', '2024-09-04 00:00:00', '2024-09-04 05:00:00'),
(411, '170207', '2024-09-04 00:00:00', '2024-09-04 05:00:00'),
(412, '170208', '2024-09-04 00:00:00', '2024-09-04 05:00:00'),
(413, '171201', '2024-09-04 00:00:00', '2024-09-04 05:00:00'),
(414, '170310', '2024-09-04 00:00:00', '2024-09-04 05:00:00'),
(415, '170511', '2024-09-04 00:00:00', '2024-09-04 05:00:00'),
(416, '170811', '2024-09-04 00:00:00', '2024-09-04 05:00:00'),
(417, '170904', '2024-09-04 00:00:00', '2024-09-04 05:00:00'),
(418, '170205', '2024-09-04 00:00:00', '2024-09-04 05:00:00'),
(419, '170101', '2024-09-04 00:00:00', '2024-09-04 05:00:00'),
(420, '170103', '2024-09-04 00:00:00', '2024-09-04 05:00:00'),
(421, '170410', '2024-09-04 00:00:00', '2024-09-04 05:00:00'),
(422, '170411', '2024-09-04 00:00:00', '2024-09-04 05:00:00'),
(423, '170709', '2024-09-04 00:00:00', '2024-09-04 05:00:00'),
(424, '170603', '2024-09-04 00:00:00', '2024-09-04 05:00:00'),
(425, '900004', '2024-09-04 00:00:00', '2024-09-04 05:00:00'),
(426, '240204', '2024-09-04 00:00:00', '2024-09-04 05:00:00'),
(427, '240111', '2024-09-04 00:00:00', '2024-09-04 05:00:00'),
(428, '240110', '2024-09-04 00:00:00', '2024-09-04 05:00:00'),
(429, '240104', '2024-09-04 00:00:00', '2024-09-04 05:00:00'),
(430, '240106', '2024-09-04 00:00:00', '2024-09-04 05:00:00'),
(431, '240203', '2024-09-04 00:00:00', '2024-09-04 05:00:00'),
(432, '240107', '2024-09-04 00:00:00', '2024-09-04 05:00:00'),
(433, '240105', '2024-09-04 00:00:00', '2024-09-04 05:00:00'),
(434, '240108', '2024-09-04 00:00:00', '2024-09-04 05:00:00'),
(435, '240109', '2024-09-04 00:00:00', '2024-09-04 05:00:00'),
(436, '240112', '2024-09-04 00:00:00', '2024-09-04 05:00:00'),
(437, '240207', '2024-09-04 00:00:00', '2024-09-04 05:00:00'),
(438, '240103', '2024-09-04 00:00:00', '2024-09-04 05:00:00'),
(439, '240208', '2024-09-04 00:00:00', '2024-09-04 05:00:00'),
(440, '240202', '2024-09-04 00:00:00', '2024-09-04 05:00:00'),
(441, '240101', '2024-09-04 00:00:00', '2024-09-04 05:00:00'),
(442, '240201', '2024-09-04 00:00:00', '2024-09-04 05:00:00'),
(443, '240102', '2024-09-04 00:00:00', '2024-09-04 05:00:00'),
(444, '180205', '2024-09-04 00:00:00', '2024-09-04 05:00:00'),
(445, '180105', '2024-09-04 00:00:00', '2024-09-04 05:00:00'),
(446, '180207', '2024-09-04 00:00:00', '2024-09-04 05:00:00'),
(447, '180208', '2024-09-04 00:00:00', '2024-09-04 05:00:00'),
(448, '180104', '2024-09-04 00:00:00', '2024-09-04 05:00:00'),
(449, '180201', '2024-09-04 00:00:00', '2024-09-04 05:00:00'),
(450, '180102', '2024-09-04 00:00:00', '2024-09-04 05:00:00'),
(451, '180103', '2024-09-04 00:00:00', '2024-09-04 05:00:00'),
(452, '140107', '2024-09-04 00:00:00', '2024-09-04 05:00:00'),
(453, '10112', '2024-09-04 00:00:00', '2024-09-04 05:00:00'),
(454, '10119', '2024-09-04 00:00:00', '2024-09-04 05:00:00'),
(455, '10120', '2024-09-04 00:00:00', '2024-09-04 05:00:00'),
(456, '10303', '2024-09-04 00:00:00', '2024-09-04 05:00:00'),
(457, '10110', '2024-09-04 00:00:00', '2024-09-04 05:00:00'),
(458, '10111', '2024-09-04 00:00:00', '2024-09-04 05:00:00'),
(459, '10118', '2024-09-04 00:00:00', '2024-09-04 05:00:00'),
(460, '170609', '2024-09-04 00:00:00', '2024-09-04 05:00:00'),
(461, '170605', '2024-09-04 00:00:00', '2024-09-04 05:00:00'),
(462, '170317', '2024-09-04 00:00:00', '2024-09-04 05:00:00'),
(463, '170302', '2024-09-04 00:00:00', '2024-09-04 05:00:00'),
(464, '170803', '2024-09-04 00:00:00', '2024-09-04 05:00:00'),
(465, '170808', '2024-09-04 00:00:00', '2024-09-04 05:00:00'),
(466, '170810', '2024-09-04 00:00:00', '2024-09-04 05:00:00'),
(467, '170802', '2024-09-04 00:00:00', '2024-09-04 05:00:00'),
(468, '170806', '2024-09-04 00:00:00', '2024-09-04 05:00:00'),
(469, '170901', '2024-09-04 00:00:00', '2024-09-04 05:00:00'),
(470, '170104', '2024-09-04 00:00:00', '2024-09-04 05:00:00'),
(471, '170102', '2024-09-04 00:00:00', '2024-09-04 05:00:00'),
(472, '170813', '2024-09-04 00:00:00', '2024-09-04 05:00:00'),
(473, '170209', '2024-09-04 00:00:00', '2024-09-04 05:00:00'),
(474, '171202', '2024-09-04 00:00:00', '2024-09-04 05:00:00'),
(475, '171007', '2024-09-04 00:00:00', '2024-09-04 05:00:00'),
(476, '170509', '2024-09-04 00:00:00', '2024-09-04 05:00:00'),
(477, '170515', '2024-09-04 00:00:00', '2024-09-04 05:00:00'),
(478, '170701', '2024-09-04 00:00:00', '2024-09-04 05:00:00'),
(479, '170501', '2024-09-04 00:00:00', '2024-09-04 05:00:00'),
(480, '170401', '2024-09-04 00:00:00', '2024-09-04 05:00:00'),
(481, '170604', '2024-09-04 00:00:00', '2024-09-04 05:00:00'),
(482, '170305', '2024-09-04 00:00:00', '2024-09-04 05:00:00'),
(483, '170403', '2024-09-04 00:00:00', '2024-09-04 05:00:00'),
(484, '171003', '2024-09-04 00:00:00', '2024-09-04 05:00:00'),
(485, '171005', '2024-09-04 00:00:00', '2024-09-04 05:00:00'),
(486, '171113', '2024-09-04 00:00:00', '2024-09-04 05:00:00'),
(487, '171116', '2024-09-04 00:00:00', '2024-09-04 05:00:00'),
(488, '171112', '2024-09-04 00:00:00', '2024-09-04 05:00:00'),
(489, '171108', '2024-09-04 00:00:00', '2024-09-04 05:00:00'),
(490, '171109', '2024-09-04 00:00:00', '2024-09-04 05:00:00'),
(491, '171115', '2024-09-04 00:00:00', '2024-09-04 05:00:00'),
(492, '171107', '2024-09-04 00:00:00', '2024-09-04 05:00:00'),
(493, '171102', '2024-09-04 00:00:00', '2024-09-04 05:00:00'),
(494, '171101', '2024-09-04 00:00:00', '2024-09-04 05:00:00'),
(495, '171103', '2024-09-04 00:00:00', '2024-09-04 05:00:00'),
(496, '170801', '2024-09-04 00:00:00', '2024-09-04 05:00:00'),
(497, '170405', '2024-09-04 00:00:00', '2024-09-04 05:00:00'),
(498, '170407', '2024-09-04 00:00:00', '2024-09-04 05:00:00'),
(499, '170402', '2024-09-04 00:00:00', '2024-09-04 05:00:00'),
(500, '170412', '2024-09-04 00:00:00', '2024-09-04 05:00:00'),
(501, '170404', '2024-09-04 00:00:00', '2024-09-04 05:00:00'),
(502, '170714', '2024-09-04 00:00:00', '2024-09-04 05:00:00'),
(503, '170707', '2024-09-04 00:00:00', '2024-09-04 05:00:00'),
(504, '170503', '2024-09-04 00:00:00', '2024-09-04 05:00:00'),
(505, '170303', '2024-09-04 00:00:00', '2024-09-04 05:00:00'),
(506, '170301', '2024-09-04 00:00:00', '2024-09-04 05:00:00'),
(507, '170308', '2024-09-04 00:00:00', '2024-09-04 05:00:00'),
(508, '170309', '2024-09-04 00:00:00', '2024-09-04 05:00:00'),
(509, '170311', '2024-09-04 00:00:00', '2024-09-04 05:00:00'),
(510, '170312', '2024-09-04 00:00:00', '2024-09-04 05:00:00'),
(511, '170318', '2024-09-04 00:00:00', '2024-09-04 05:00:00'),
(512, '170607', '2024-09-04 00:00:00', '2024-09-04 05:00:00'),
(513, '170610', '2024-09-04 00:00:00', '2024-09-04 05:00:00'),
(514, '170608', '2024-09-04 00:00:00', '2024-09-04 05:00:00'),
(515, '170601', '2024-09-04 00:00:00', '2024-09-04 05:00:00'),
(516, '170611', '2024-09-04 00:00:00', '2024-09-04 05:00:00'),
(517, '170602', '2024-09-04 00:00:00', '2024-09-04 05:00:00'),
(518, '170704', '2024-09-04 00:00:00', '2024-09-04 05:00:00'),
(519, '170508', '2024-09-04 00:00:00', '2024-09-04 05:00:00'),
(520, '170502', '2024-09-04 00:00:00', '2024-09-04 05:00:00'),
(521, '170203', '2024-09-04 00:00:00', '2024-09-04 05:00:00'),
(522, '170204', '2024-09-04 00:00:00', '2024-09-04 05:00:00'),
(523, '170201', '2024-09-04 00:00:00', '2024-09-04 05:00:00'),
(524, '170206', '2024-09-04 00:00:00', '2024-09-04 05:00:00'),
(525, '170814', '2024-09-04 00:00:00', '2024-09-04 05:00:00'),
(526, '170812', '2024-09-04 00:00:00', '2024-09-04 05:00:00'),
(527, '171011', '2024-09-04 00:00:00', '2024-09-04 05:00:00'),
(528, '171204', '2024-09-04 00:00:00', '2024-09-04 05:00:00'),
(529, '170314', '2024-09-04 00:00:00', '2024-09-04 05:00:00'),
(530, '171203', '2024-09-04 00:00:00', '2024-09-04 05:00:00'),
(531, '171114', '2024-09-04 00:00:00', '2024-09-04 05:00:00'),
(532, '171009', '2024-09-04 00:00:00', '2024-09-04 05:00:00'),
(533, '171004', '2024-09-04 00:00:00', '2024-09-04 05:00:00'),
(534, '171010', '2024-09-04 00:00:00', '2024-09-04 05:00:00'),
(535, '171006', '2024-09-04 00:00:00', '2024-09-04 05:00:00'),
(536, '171002', '2024-09-04 00:00:00', '2024-09-04 05:00:00'),
(537, '170907', '2024-09-04 00:00:00', '2024-09-04 05:00:00'),
(538, '170307', '2024-09-04 00:00:00', '2024-09-04 05:00:00'),
(539, '170713', '2024-09-04 00:00:00', '2024-09-04 05:00:00'),
(540, '170715', '2024-09-04 00:00:00', '2024-09-04 05:00:00'),
(541, '170516', '2024-09-04 00:00:00', '2024-09-04 05:00:00'),
(542, '171106', '2024-09-04 00:00:00', '2024-09-04 05:00:00'),
(543, '170804', '2024-09-04 00:00:00', '2024-09-04 05:00:00'),
(544, '171001', '2024-09-04 00:00:00', '2024-09-04 05:00:00'),
(545, '170702', '2024-09-04 00:00:00', '2024-09-04 05:00:00'),
(546, '171111', '2024-09-04 00:00:00', '2024-09-04 05:00:00'),
(547, '170613', '2024-09-04 00:00:00', '2024-09-04 05:00:00'),
(548, '170612', '2024-09-04 00:00:00', '2024-09-04 05:00:00'),
(549, '170606', '2024-09-04 00:00:00', '2024-09-04 05:00:00'),
(550, '170506', '2024-09-04 00:00:00', '2024-09-04 05:00:00'),
(551, '170306', '2024-09-04 00:00:00', '2024-09-04 05:00:00'),
(552, '171105', '2024-09-04 00:00:00', '2024-09-04 05:00:00'),
(553, '170805', '2024-09-04 00:00:00', '2024-09-04 05:00:00'),
(554, '171104', '2024-09-04 00:00:00', '2024-09-04 05:00:00'),
(555, '170809', '2024-09-04 00:00:00', '2024-09-04 05:00:00'),
(556, '170202', '2024-09-04 00:00:00', '2024-09-04 05:00:00'),
(557, '171008', '2024-09-04 00:00:00', '2024-09-04 05:00:00'),
(558, '131004', '2024-09-04 00:00:00', '2024-09-04 05:00:00'),
(559, '131003', '2024-09-04 00:00:00', '2024-09-04 05:00:00'),
(560, '130214', '2024-09-04 00:00:00', '2024-09-04 05:00:00'),
(561, '170807', '2024-09-04 00:00:00', '2024-09-04 05:00:00'),
(562, '170304', '2024-09-04 00:00:00', '2024-09-04 05:00:00'),
(563, '120505', '2024-09-04 00:00:00', '2024-09-04 05:00:00'),
(564, '120504', '2024-09-04 00:00:00', '2024-09-04 05:00:00'),
(565, '20301', '2024-09-04 00:00:00', '2024-09-04 05:00:00'),
(566, '20111', '2024-09-04 00:00:00', '2024-09-04 05:00:00'),
(567, '20110', '2024-09-04 00:00:00', '2024-09-04 05:00:00'),
(568, '20402', '2024-09-04 00:00:00', '2024-09-04 05:00:00'),
(569, '20107', '2024-09-04 00:00:00', '2024-09-04 05:00:00'),
(570, '20307', '2024-09-04 00:00:00', '2024-09-04 05:00:00'),
(571, '20304', '2024-09-04 00:00:00', '2024-09-04 05:00:00'),
(572, '20305', '2024-09-04 00:00:00', '2024-09-04 05:00:00'),
(573, '20202', '2024-09-04 00:00:00', '2024-09-04 05:00:00'),
(574, '20201', '2024-09-04 00:00:00', '2024-09-04 05:00:00'),
(575, '220102', '2024-09-04 00:00:00', '2024-09-04 05:00:00'),
(576, '140101', '2024-09-04 00:00:00', '2024-09-04 05:00:00'),
(577, '140106', '2024-09-04 00:00:00', '2024-09-04 05:00:00'),
(578, '140105', '2024-09-04 00:00:00', '2024-09-04 05:00:00'),
(579, '140104', '2024-09-04 00:00:00', '2024-09-04 05:00:00'),
(580, '140202', '2024-09-04 00:00:00', '2024-09-04 05:00:00'),
(581, '140203', '2024-09-04 00:00:00', '2024-09-04 05:00:00'),
(582, '140204', '2024-09-04 00:00:00', '2024-09-04 05:00:00'),
(583, '140201', '2024-09-04 00:00:00', '2024-09-04 05:00:00'),
(584, '140301', '2024-09-04 00:00:00', '2024-09-04 05:00:00'),
(585, '140603', '2024-09-04 00:00:00', '2024-09-04 05:00:00'),
(586, '140605', '2024-09-04 00:00:00', '2024-09-04 05:00:00'),
(587, '140606', '2024-09-04 00:00:00', '2024-09-04 05:00:00'),
(588, '140103', '2024-09-04 00:00:00', '2024-09-04 05:00:00'),
(589, '110303', '2024-09-04 00:00:00', '2024-09-04 05:00:00'),
(590, '110905', '2024-09-04 00:00:00', '2024-09-04 05:00:00'),
(591, '110906', '2024-09-04 00:00:00', '2024-09-04 05:00:00'),
(592, '110904', '2024-09-04 00:00:00', '2024-09-04 05:00:00'),
(593, '110804', '2024-09-04 00:00:00', '2024-09-04 05:00:00'),
(594, '110805', '2024-09-04 00:00:00', '2024-09-04 05:00:00'),
(595, '110801', '2024-09-04 00:00:00', '2024-09-04 05:00:00'),
(596, '110203', '2024-09-04 00:00:00', '2024-09-04 05:00:00'),
(597, '110204', '2024-09-04 00:00:00', '2024-09-04 05:00:00'),
(598, '110207', '2024-09-04 00:00:00', '2024-09-04 05:00:00'),
(599, '110121', '2024-09-04 00:00:00', '2024-09-04 05:00:00'),
(600, '110118', '2024-09-04 00:00:00', '2024-09-04 05:00:00'),
(601, '110115', '2024-09-04 00:00:00', '2024-09-04 05:00:00'),
(602, '110103', '2024-09-04 00:00:00', '2024-09-04 05:00:00'),
(603, '110601', '2024-09-04 00:00:00', '2024-09-04 05:00:00'),
(604, '110604', '2024-09-04 00:00:00', '2024-09-04 05:00:00'),
(605, '110701', '2024-09-04 00:00:00', '2024-09-04 05:00:00'),
(606, '110112', '2024-09-04 00:00:00', '2024-09-04 05:00:00'),
(607, '110703', '2024-09-04 00:00:00', '2024-09-04 05:00:00'),
(608, '110101', '2024-09-04 00:00:00', '2024-09-04 05:00:00'),
(609, '190401', '2024-09-04 00:00:00', '2024-09-04 05:00:00'),
(610, '190104', '2024-09-04 00:00:00', '2024-09-04 05:00:00'),
(611, '190106', '2024-09-04 00:00:00', '2024-09-04 05:00:00'),
(612, '190306', '2024-09-04 00:00:00', '2024-09-04 05:00:00'),
(613, '190307', '2024-09-04 00:00:00', '2024-09-04 05:00:00'),
(614, '190305', '2024-09-04 00:00:00', '2024-09-04 05:00:00'),
(615, '190303', '2024-09-04 00:00:00', '2024-09-04 05:00:00'),
(616, '190206', '2024-09-04 00:00:00', '2024-09-04 05:00:00'),
(617, '190201', '2024-09-04 00:00:00', '2024-09-04 05:00:00'),
(618, '190202', '2024-09-04 00:00:00', '2024-09-04 05:00:00'),
(619, '190105', '2024-09-04 00:00:00', '2024-09-04 05:00:00'),
(620, '190301', '2024-09-04 00:00:00', '2024-09-04 05:00:00'),
(621, '190101', '2024-09-04 00:00:00', '2024-09-04 05:00:00'),
(622, '190102', '2024-09-04 00:00:00', '2024-09-04 05:00:00'),
(623, '190103', '2024-09-04 00:00:00', '2024-09-04 05:00:00'),
(624, '10216', '2024-09-04 00:00:00', '2024-09-04 05:00:00'),
(625, '10218', '2024-09-04 00:00:00', '2024-09-04 05:00:00'),
(626, '10217', '2024-09-04 00:00:00', '2024-09-04 05:00:00'),
(627, '10219', '2024-09-04 00:00:00', '2024-09-04 05:00:00'),
(628, '10220', '2024-09-04 00:00:00', '2024-09-04 05:00:00'),
(629, '10206', '2024-09-04 00:00:00', '2024-09-04 05:00:00'),
(630, '10208', '2024-09-04 00:00:00', '2024-09-04 05:00:00'),
(631, '10107', '2024-09-04 00:00:00', '2024-09-04 05:00:00'),
(632, '70309', '2024-09-04 00:00:00', '2024-09-04 05:00:00'),
(633, '70303', '2024-09-04 00:00:00', '2024-09-04 05:00:00'),
(634, '70305', '2024-09-04 00:00:00', '2024-09-04 05:00:00'),
(635, '70307', '2024-09-04 00:00:00', '2024-09-04 05:00:00'),
(636, '70304', '2024-09-04 00:00:00', '2024-09-04 05:00:00'),
(637, '70207', '2024-09-04 00:00:00', '2024-09-04 05:00:00'),
(638, '70205', '2024-09-04 00:00:00', '2024-09-04 05:00:00'),
(639, '70213', '2024-09-04 00:00:00', '2024-09-04 05:00:00'),
(640, '70222', '2024-09-04 00:00:00', '2024-09-04 05:00:00'),
(641, '70203', '2024-09-04 00:00:00', '2024-09-04 05:00:00'),
(642, '70218', '2024-09-04 00:00:00', '2024-09-04 05:00:00'),
(643, '70214', '2024-09-04 00:00:00', '2024-09-04 05:00:00'),
(644, '70206', '2024-09-04 00:00:00', '2024-09-04 05:00:00'),
(645, '70201', '2024-09-04 00:00:00', '2024-09-04 05:00:00'),
(646, '70202', '2024-09-04 00:00:00', '2024-09-04 05:00:00'),
(647, '70211', '2024-09-04 00:00:00', '2024-09-04 05:00:00'),
(648, '70204', '2024-09-04 00:00:00', '2024-09-04 05:00:00'),
(649, '70212', '2024-09-04 00:00:00', '2024-09-04 05:00:00'),
(650, '70109', '2024-09-04 00:00:00', '2024-09-04 05:00:00'),
(651, '20306', '2024-09-04 00:00:00', '2024-09-04 05:00:00'),
(652, '20102', '2024-09-04 00:00:00', '2024-09-04 05:00:00'),
(653, '20103', '2024-09-04 00:00:00', '2024-09-04 05:00:00'),
(654, '20105', '2024-09-04 00:00:00', '2024-09-04 05:00:00'),
(655, '20106', '2024-09-04 00:00:00', '2024-09-04 05:00:00'),
(656, '20108', '2024-09-04 00:00:00', '2024-09-04 05:00:00'),
(657, '20109', '2024-09-04 00:00:00', '2024-09-04 05:00:00'),
(658, '20403', '2024-09-04 00:00:00', '2024-09-04 05:00:00'),
(659, '20401', '2024-09-04 00:00:00', '2024-09-04 05:00:00'),
(660, '20104', '2024-09-04 00:00:00', '2024-09-04 05:00:00'),
(661, '20303', '2024-09-04 00:00:00', '2024-09-04 05:00:00'),
(662, '20101', '2024-09-04 00:00:00', '2024-09-04 05:00:00'),
(663, '20302', '2024-09-04 00:00:00', '2024-09-04 05:00:00'),
(664, '40107', '2024-09-04 00:00:00', '2024-09-04 05:00:00'),
(665, '40105', '2024-09-04 00:00:00', '2024-09-04 05:00:00'),
(666, '40109', '2024-09-04 00:00:00', '2024-09-04 05:00:00'),
(667, '40112', '2024-09-04 00:00:00', '2024-09-04 05:00:00'),
(668, '40113', '2024-09-04 00:00:00', '2024-09-04 05:00:00'),
(669, '40207', '2024-09-04 00:00:00', '2024-09-04 05:00:00'),
(670, '40202', '2024-09-04 00:00:00', '2024-09-04 05:00:00'),
(671, '40201', '2024-09-04 00:00:00', '2024-09-04 05:00:00'),
(672, '40301', '2024-09-04 00:00:00', '2024-09-04 05:00:00'),
(673, '40303', '2024-09-04 00:00:00', '2024-09-04 05:00:00'),
(674, '40110', '2024-09-04 00:00:00', '2024-09-04 05:00:00'),
(675, '40106', '2024-09-04 00:00:00', '2024-09-04 05:00:00'),
(676, '40101', '2024-09-04 00:00:00', '2024-09-04 05:00:00'),
(677, '40102', '2024-09-04 00:00:00', '2024-09-04 05:00:00'),
(678, '40108', '2024-09-04 00:00:00', '2024-09-04 05:00:00'),
(679, '40103', '2024-09-04 00:00:00', '2024-09-04 05:00:00'),
(680, '40104', '2024-09-04 00:00:00', '2024-09-04 05:00:00'),
(681, '40111', '2024-09-04 00:00:00', '2024-09-04 05:00:00'),
(682, '40206', '2024-09-04 00:00:00', '2024-09-04 05:00:00'),
(683, '40204', '2024-09-04 00:00:00', '2024-09-04 05:00:00'),
(684, '40203', '2024-09-04 00:00:00', '2024-09-04 05:00:00'),
(685, '40205', '2024-09-04 00:00:00', '2024-09-04 05:00:00'),
(686, '40304', '2024-09-04 00:00:00', '2024-09-04 05:00:00'),
(687, '40302', '2024-09-04 00:00:00', '2024-09-04 05:00:00'),
(688, '50602', '2024-09-04 00:00:00', '2024-09-04 05:00:00'),
(689, '50202', '2024-09-04 00:00:00', '2024-09-04 05:00:00'),
(690, '50405', '2024-09-04 00:00:00', '2024-09-04 05:00:00'),
(691, '50301', '2024-09-04 00:00:00', '2024-09-04 05:00:00'),
(692, '50115', '2024-09-04 00:00:00', '2024-09-04 05:00:00'),
(693, '50201', '2024-09-04 00:00:00', '2024-09-04 05:00:00'),
(694, '50304', '2024-09-04 00:00:00', '2024-09-04 05:00:00'),
(695, '50404', '2024-09-04 00:00:00', '2024-09-04 05:00:00'),
(696, '50401', '2024-09-04 00:00:00', '2024-09-04 05:00:00'),
(697, '50203', '2024-09-04 00:00:00', '2024-09-04 05:00:00'),
(698, '50409', '2024-09-04 00:00:00', '2024-09-04 05:00:00'),
(699, '50105', '2024-09-04 00:00:00', '2024-09-04 05:00:00'),
(700, '50408', '2024-09-04 00:00:00', '2024-09-04 05:00:00'),
(701, '50407', '2024-09-04 00:00:00', '2024-09-04 05:00:00'),
(702, '50403', '2024-09-04 00:00:00', '2024-09-04 05:00:00'),
(703, '50503', '2024-09-04 00:00:00', '2024-09-04 05:00:00'),
(704, '50603', '2024-09-04 00:00:00', '2024-09-04 05:00:00'),
(705, '50604', '2024-09-04 00:00:00', '2024-09-04 05:00:00'),
(706, '50114', '2024-09-04 00:00:00', '2024-09-04 05:00:00'),
(707, '50109', '2024-09-04 00:00:00', '2024-09-04 05:00:00'),
(708, '50117', '2024-09-04 00:00:00', '2024-09-04 05:00:00'),
(709, '50303', '2024-09-04 00:00:00', '2024-09-04 05:00:00'),
(710, '50302', '2024-09-04 00:00:00', '2024-09-04 05:00:00'),
(711, '50502', '2024-09-04 00:00:00', '2024-09-04 05:00:00'),
(712, '50501', '2024-09-04 00:00:00', '2024-09-04 05:00:00'),
(713, '50504', '2024-09-04 00:00:00', '2024-09-04 05:00:00'),
(714, '50406', '2024-09-04 00:00:00', '2024-09-04 05:00:00'),
(715, '50402', '2024-09-04 00:00:00', '2024-09-04 05:00:00'),
(716, '50102', '2024-09-04 00:00:00', '2024-09-04 05:00:00'),
(717, '50110', '2024-09-04 00:00:00', '2024-09-04 05:00:00'),
(718, '50103', '2024-09-04 00:00:00', '2024-09-04 05:00:00'),
(719, '50104', '2024-09-04 00:00:00', '2024-09-04 05:00:00'),
(720, '50101', '2024-09-04 00:00:00', '2024-09-04 05:00:00'),
(721, '50107', '2024-09-04 00:00:00', '2024-09-04 05:00:00'),
(722, '50106', '2024-09-04 00:00:00', '2024-09-04 05:00:00'),
(723, '50108', '2024-09-04 00:00:00', '2024-09-04 05:00:00'),
(724, '50112', '2024-09-04 00:00:00', '2024-09-04 05:00:00'),
(725, '50601', '2024-09-04 00:00:00', '2024-09-04 05:00:00'),
(726, '50111', '2024-09-04 00:00:00', '2024-09-04 05:00:00'),
(727, '50113', '2024-09-04 00:00:00', '2024-09-04 05:00:00'),
(728, '50116', '2024-09-04 00:00:00', '2024-09-04 05:00:00'),
(729, '50118', '2024-09-04 00:00:00', '2024-09-04 05:00:00'),
(730, '50411', '2024-09-04 00:00:00', '2024-09-04 05:00:00'),
(731, '50410', '2024-09-04 00:00:00', '2024-09-04 05:00:00'),
(732, '100217', '2024-09-04 00:00:00', '2024-09-04 05:00:00'),
(733, '100303', '2024-09-04 00:00:00', '2024-09-04 05:00:00'),
(734, '100301', '2024-09-04 00:00:00', '2024-09-04 05:00:00'),
(735, '100302', '2024-09-04 00:00:00', '2024-09-04 05:00:00'),
(736, '100304', '2024-09-04 00:00:00', '2024-09-04 05:00:00'),
(737, '100305', '2024-09-04 00:00:00', '2024-09-04 05:00:00'),
(738, '100118', '2024-09-04 00:00:00', '2024-09-04 05:00:00'),
(739, '100106', '2024-09-04 00:00:00', '2024-09-04 05:00:00'),
(740, '100117', '2024-09-04 00:00:00', '2024-09-04 05:00:00'),
(741, '100306', '2024-09-04 00:00:00', '2024-09-04 05:00:00'),
(742, '100212', '2024-09-04 00:00:00', '2024-09-04 05:00:00'),
(743, '100203', '2024-09-04 00:00:00', '2024-09-04 05:00:00'),
(744, '100101', '2024-09-04 00:00:00', '2024-09-04 05:00:00'),
(745, '100103', '2024-09-04 00:00:00', '2024-09-04 05:00:00'),
(746, '100120', '2024-09-04 00:00:00', '2024-09-04 05:00:00'),
(747, '100115', '2024-09-04 00:00:00', '2024-09-04 05:00:00'),
(748, '100210', '2024-09-04 00:00:00', '2024-09-04 05:00:00'),
(749, '100211', '2024-09-04 00:00:00', '2024-09-04 05:00:00'),
(750, '100209', '2024-09-04 00:00:00', '2024-09-04 05:00:00'),
(751, '100109', '2024-09-04 00:00:00', '2024-09-04 05:00:00'),
(752, '100104', '2024-09-04 00:00:00', '2024-09-04 05:00:00'),
(753, '100107', '2024-09-04 00:00:00', '2024-09-04 05:00:00'),
(754, '100113', '2024-09-04 00:00:00', '2024-09-04 05:00:00'),
(755, '100112', '2024-09-04 00:00:00', '2024-09-04 05:00:00'),
(756, '100119', '2024-09-04 00:00:00', '2024-09-04 05:00:00'),
(757, '100111', '2024-09-04 00:00:00', '2024-09-04 05:00:00'),
(758, '100110', '2024-09-04 00:00:00', '2024-09-04 05:00:00'),
(759, '100116', '2024-09-04 00:00:00', '2024-09-04 05:00:00'),
(760, '100121', '2024-09-04 00:00:00', '2024-09-04 05:00:00'),
(761, '100122', '2024-09-04 00:00:00', '2024-09-04 05:00:00'),
(762, '100204', '2024-09-04 00:00:00', '2024-09-04 05:00:00'),
(763, '100213', '2024-09-04 00:00:00', '2024-09-04 05:00:00'),
(764, '110119', '2024-09-04 00:00:00', '2024-09-04 05:00:00'),
(765, '110109', '2024-09-04 00:00:00', '2024-09-04 05:00:00'),
(766, '110114', '2024-09-04 00:00:00', '2024-09-04 05:00:00'),
(767, '110120', '2024-09-04 00:00:00', '2024-09-04 05:00:00'),
(768, '110111', '2024-09-04 00:00:00', '2024-09-04 05:00:00'),
(769, '110502', '2024-09-04 00:00:00', '2024-09-04 05:00:00'),
(770, '110501', '2024-09-04 00:00:00', '2024-09-04 05:00:00'),
(771, '110503', '2024-09-04 00:00:00', '2024-09-04 05:00:00'),
(772, '110102', '2024-09-04 00:00:00', '2024-09-04 05:00:00'),
(773, '110107', '2024-09-04 00:00:00', '2024-09-04 05:00:00'),
(774, '140302', '2024-09-04 00:00:00', '2024-09-04 05:00:00'),
(775, '140303', '2024-09-04 00:00:00', '2024-09-04 05:00:00'),
(776, '140405', '2024-09-04 00:00:00', '2024-09-04 05:00:00'),
(777, '140404', '2024-09-04 00:00:00', '2024-09-04 05:00:00'),
(778, '140403', '2024-09-04 00:00:00', '2024-09-04 05:00:00'),
(779, '140503', '2024-09-04 00:00:00', '2024-09-04 05:00:00'),
(780, '140501', '2024-09-04 00:00:00', '2024-09-04 05:00:00'),
(781, '140502', '2024-09-04 00:00:00', '2024-09-04 05:00:00'),
(782, '140604', '2024-09-04 00:00:00', '2024-09-04 05:00:00'),
(783, '140602', '2024-09-04 00:00:00', '2024-09-04 05:00:00'),
(784, '140601', '2024-09-04 00:00:00', '2024-09-04 05:00:00'),
(785, '100214', '2024-09-04 00:00:00', '2024-09-04 05:00:00'),
(786, '100208', '2024-09-04 00:00:00', '2024-09-04 05:00:00'),
(787, '100102', '2024-09-04 00:00:00', '2024-09-04 05:00:00'),
(788, '100105', '2024-09-04 00:00:00', '2024-09-04 05:00:00'),
(789, '100114', '2024-09-04 00:00:00', '2024-09-04 05:00:00'),
(790, '100108', '2024-09-04 00:00:00', '2024-09-04 05:00:00'),
(791, '100205', '2024-09-04 00:00:00', '2024-09-04 05:00:00'),
(792, '100206', '2024-09-04 00:00:00', '2024-09-04 05:00:00'),
(793, '100216', '2024-09-04 00:00:00', '2024-09-04 05:00:00'),
(794, '100202', '2024-09-04 00:00:00', '2024-09-04 05:00:00'),
(795, '100215', '2024-09-04 00:00:00', '2024-09-04 05:00:00'),
(796, '100207', '2024-09-04 00:00:00', '2024-09-04 05:00:00'),
(797, '100201', '2024-09-04 00:00:00', '2024-09-04 05:00:00'),
(798, '110209', '2024-09-04 00:00:00', '2024-09-04 05:00:00'),
(799, '110206', '2024-09-04 00:00:00', '2024-09-04 05:00:00'),
(800, '110605', '2024-09-04 00:00:00', '2024-09-04 05:00:00'),
(801, '110607', '2024-09-04 00:00:00', '2024-09-04 05:00:00'),
(802, '110606', '2024-09-04 00:00:00', '2024-09-04 05:00:00'),
(803, '110702', '2024-09-04 00:00:00', '2024-09-04 05:00:00'),
(804, '110705', '2024-09-04 00:00:00', '2024-09-04 05:00:00'),
(805, '110208', '2024-09-04 00:00:00', '2024-09-04 05:00:00'),
(806, '110609', '2024-09-04 00:00:00', '2024-09-04 05:00:00'),
(807, '110106', '2024-09-04 00:00:00', '2024-09-04 05:00:00'),
(808, '110108', '2024-09-04 00:00:00', '2024-09-04 05:00:00'),
(809, '110110', '2024-09-04 00:00:00', '2024-09-04 05:00:00'),
(810, '110401', '2024-09-04 00:00:00', '2024-09-04 05:00:00'),
(811, '110403', '2024-09-04 00:00:00', '2024-09-04 05:00:00'),
(812, '110406', '2024-09-04 00:00:00', '2024-09-04 05:00:00'),
(813, '110901', '2024-09-04 00:00:00', '2024-09-04 05:00:00'),
(814, '110902', '2024-09-04 00:00:00', '2024-09-04 05:00:00'),
(815, '110903', '2024-09-04 00:00:00', '2024-09-04 05:00:00'),
(816, '110113', '2024-09-04 00:00:00', '2024-09-04 05:00:00'),
(817, '110116', '2024-09-04 00:00:00', '2024-09-04 05:00:00'),
(818, '110122', '2024-09-04 00:00:00', '2024-09-04 05:00:00'),
(819, '110301', '2024-09-04 00:00:00', '2024-09-04 05:00:00'),
(820, '110104', '2024-09-04 00:00:00', '2024-09-04 05:00:00'),
(821, '110405', '2024-09-04 00:00:00', '2024-09-04 05:00:00'),
(822, '110407', '2024-09-04 00:00:00', '2024-09-04 05:00:00'),
(823, '110404', '2024-09-04 00:00:00', '2024-09-04 05:00:00'),
(824, '110402', '2024-09-04 00:00:00', '2024-09-04 05:00:00');
INSERT INTO `cod_pincodes` (`id`, `pincode`, `created_at`, `updated_at`) VALUES
(825, '110304', '2024-09-04 00:00:00', '2024-09-04 05:00:00'),
(826, '110305', '2024-09-04 00:00:00', '2024-09-04 05:00:00'),
(827, '110302', '2024-09-04 00:00:00', '2024-09-04 05:00:00'),
(828, '110105', '2024-09-04 00:00:00', '2024-09-04 05:00:00'),
(829, '110602', '2024-09-04 00:00:00', '2024-09-04 05:00:00'),
(830, '110603', '2024-09-04 00:00:00', '2024-09-04 05:00:00'),
(831, '110608', '2024-09-04 00:00:00', '2024-09-04 05:00:00'),
(832, '110704', '2024-09-04 00:00:00', '2024-09-04 05:00:00'),
(833, '110202', '2024-09-04 00:00:00', '2024-09-04 05:00:00'),
(834, '110205', '2024-09-04 00:00:00', '2024-09-04 05:00:00'),
(835, '110201', '2024-09-04 00:00:00', '2024-09-04 05:00:00'),
(836, '110117', '2024-09-04 00:00:00', '2024-09-04 05:00:00'),
(837, '110806', '2024-09-04 00:00:00', '2024-09-04 05:00:00'),
(838, '110803', '2024-09-04 00:00:00', '2024-09-04 05:00:00'),
(839, '110802', '2024-09-04 00:00:00', '2024-09-04 05:00:00'),
(840, '900003', '2024-09-04 00:00:00', '2024-09-04 05:00:00'),
(841, '900002', '2024-09-04 00:00:00', '2024-09-04 05:00:00'),
(842, '900001', '2024-09-04 00:00:00', '2024-09-04 05:00:00'),
(843, '240206', '2024-09-04 00:00:00', '2024-09-04 05:00:00'),
(844, '240205', '2024-09-04 00:00:00', '2024-09-04 05:00:00'),
(845, '190304', '2024-09-04 00:00:00', '2024-09-04 05:00:00'),
(846, '190204', '2024-09-04 00:00:00', '2024-09-04 05:00:00'),
(847, '190404', '2024-09-04 00:00:00', '2024-09-04 05:00:00'),
(848, '190108', '2024-09-04 00:00:00', '2024-09-04 05:00:00'),
(849, '190203', '2024-09-04 00:00:00', '2024-09-04 05:00:00'),
(850, '190205', '2024-09-04 00:00:00', '2024-09-04 05:00:00'),
(851, '190302', '2024-09-04 00:00:00', '2024-09-04 05:00:00'),
(852, '190109', '2024-09-04 00:00:00', '2024-09-04 05:00:00'),
(853, '190107', '2024-09-04 00:00:00', '2024-09-04 05:00:00'),
(854, '190403', '2024-09-04 00:00:00', '2024-09-04 05:00:00'),
(855, '190402', '2024-09-04 00:00:00', '2024-09-04 05:00:00'),
(856, '180301', '2024-09-04 00:00:00', '2024-09-04 05:00:00'),
(857, '180404', '2024-09-04 00:00:00', '2024-09-04 05:00:00'),
(858, '180203', '2024-09-04 00:00:00', '2024-09-04 05:00:00'),
(859, '180112', '2024-09-04 00:00:00', '2024-09-04 05:00:00'),
(860, '180109', '2024-09-04 00:00:00', '2024-09-04 05:00:00'),
(861, '180111', '2024-09-04 00:00:00', '2024-09-04 05:00:00'),
(862, '180110', '2024-09-04 00:00:00', '2024-09-04 05:00:00'),
(863, '180405', '2024-09-04 00:00:00', '2024-09-04 05:00:00'),
(864, '180406', '2024-09-04 00:00:00', '2024-09-04 05:00:00'),
(865, '180501', '2024-09-04 00:00:00', '2024-09-04 05:00:00'),
(866, '180502', '2024-09-04 00:00:00', '2024-09-04 05:00:00'),
(867, '180503', '2024-09-04 00:00:00', '2024-09-04 05:00:00'),
(868, '180202', '2024-09-04 00:00:00', '2024-09-04 05:00:00'),
(869, '180210', '2024-09-04 00:00:00', '2024-09-04 05:00:00'),
(870, '180211', '2024-09-04 00:00:00', '2024-09-04 05:00:00'),
(871, '180212', '2024-09-04 00:00:00', '2024-09-04 05:00:00'),
(872, '180602', '2024-09-04 00:00:00', '2024-09-04 05:00:00'),
(873, '180603', '2024-09-04 00:00:00', '2024-09-04 05:00:00'),
(874, '180209', '2024-09-04 00:00:00', '2024-09-04 05:00:00'),
(875, '180302', '2024-09-04 00:00:00', '2024-09-04 05:00:00'),
(876, '180604', '2024-09-04 00:00:00', '2024-09-04 05:00:00'),
(877, '180605', '2024-09-04 00:00:00', '2024-09-04 05:00:00'),
(878, '180108', '2024-09-04 00:00:00', '2024-09-04 05:00:00'),
(879, '180106', '2024-09-04 00:00:00', '2024-09-04 05:00:00'),
(880, '180101', '2024-09-04 00:00:00', '2024-09-04 05:00:00'),
(881, '180601', '2024-09-04 00:00:00', '2024-09-04 05:00:00'),
(882, '180407', '2024-09-04 00:00:00', '2024-09-04 05:00:00'),
(883, '180402', '2024-09-04 00:00:00', '2024-09-04 05:00:00'),
(884, '180401', '2024-09-04 00:00:00', '2024-09-04 05:00:00'),
(885, '180204', '2024-09-04 00:00:00', '2024-09-04 05:00:00'),
(886, '180206', '2024-09-04 00:00:00', '2024-09-04 05:00:00'),
(887, '180403', '2024-09-04 00:00:00', '2024-09-04 05:00:00'),
(888, '180107', '2024-09-04 00:00:00', '2024-09-04 05:00:00'),
(889, '230204', '2024-09-04 00:00:00', '2024-09-04 05:00:00'),
(890, '230206', '2024-09-04 00:00:00', '2024-09-04 05:00:00'),
(891, '230210', '2024-09-04 00:00:00', '2024-09-04 05:00:00'),
(892, '230211', '2024-09-04 00:00:00', '2024-09-04 05:00:00'),
(893, '230213', '2024-09-04 00:00:00', '2024-09-04 05:00:00'),
(894, '230212', '2024-09-04 00:00:00', '2024-09-04 05:00:00'),
(895, '230209', '2024-09-04 00:00:00', '2024-09-04 05:00:00'),
(896, '80601', '2024-09-04 00:00:00', '2024-09-04 05:00:00'),
(897, '80602', '2024-09-04 00:00:00', '2024-09-04 05:00:00'),
(898, '80701', '2024-09-04 00:00:00', '2024-09-04 05:00:00'),
(899, '80404', '2024-09-04 00:00:00', '2024-09-04 05:00:00'),
(900, '80408', '2024-09-04 00:00:00', '2024-09-04 05:00:00'),
(901, '80202', '2024-09-04 00:00:00', '2024-09-04 05:00:00'),
(902, '220206', '2024-09-04 00:00:00', '2024-09-04 05:00:00'),
(903, '220211', '2024-09-04 00:00:00', '2024-09-04 05:00:00'),
(904, '220201', '2024-09-04 00:00:00', '2024-09-04 05:00:00'),
(905, '220203', '2024-09-04 00:00:00', '2024-09-04 05:00:00'),
(906, '220101', '2024-09-04 00:00:00', '2024-09-04 05:00:00'),
(907, '220301', '2024-09-04 00:00:00', '2024-09-04 05:00:00'),
(908, '70110', '2024-09-04 00:00:00', '2024-09-04 05:00:00'),
(909, '70112', '2024-09-04 00:00:00', '2024-09-04 05:00:00'),
(910, '70101', '2024-09-04 00:00:00', '2024-09-04 05:00:00'),
(911, '70106', '2024-09-04 00:00:00', '2024-09-04 05:00:00'),
(912, '70102', '2024-09-04 00:00:00', '2024-09-04 05:00:00'),
(913, '70117', '2024-09-04 00:00:00', '2024-09-04 05:00:00'),
(914, '70116', '2024-09-04 00:00:00', '2024-09-04 05:00:00'),
(915, '160101', '2024-09-04 00:00:00', '2024-09-04 05:00:00'),
(916, '160202', '2024-09-04 00:00:00', '2024-09-04 05:00:00'),
(917, '160110', '2024-09-04 00:00:00', '2024-09-04 05:00:00'),
(918, '160109', '2024-09-04 00:00:00', '2024-09-04 05:00:00'),
(919, '160107', '2024-09-04 00:00:00', '2024-09-04 05:00:00'),
(920, '160102', '2024-09-04 00:00:00', '2024-09-04 05:00:00'),
(921, '160105', '2024-09-04 00:00:00', '2024-09-04 05:00:00'),
(922, '160112', '2024-09-04 00:00:00', '2024-09-04 05:00:00'),
(923, '160111', '2024-09-04 00:00:00', '2024-09-04 05:00:00'),
(924, '160108', '2024-09-04 00:00:00', '2024-09-04 05:00:00'),
(925, '160106', '2024-09-04 00:00:00', '2024-09-04 05:00:00'),
(926, '160201', '2024-09-04 00:00:00', '2024-09-04 05:00:00'),
(927, '160103', '2024-09-04 00:00:00', '2024-09-04 05:00:00'),
(928, '160104', '2024-09-04 00:00:00', '2024-09-04 05:00:00'),
(929, '30111', '2024-09-04 00:00:00', '2024-09-04 05:00:00'),
(930, '30302', '2024-09-04 00:00:00', '2024-09-04 05:00:00'),
(931, '30201', '2024-09-04 00:00:00', '2024-09-04 05:00:00'),
(932, '30301', '2024-09-04 00:00:00', '2024-09-04 05:00:00'),
(933, '30101', '2024-09-04 00:00:00', '2024-09-04 05:00:00'),
(934, '30102', '2024-09-04 00:00:00', '2024-09-04 05:00:00'),
(935, '30202', '2024-09-04 00:00:00', '2024-09-04 05:00:00'),
(936, '30205', '2024-09-04 00:00:00', '2024-09-04 05:00:00'),
(937, '30106', '2024-09-04 00:00:00', '2024-09-04 05:00:00'),
(938, '30110', '2024-09-04 00:00:00', '2024-09-04 05:00:00'),
(939, '30109', '2024-09-04 00:00:00', '2024-09-04 05:00:00'),
(940, '30107', '2024-09-04 00:00:00', '2024-09-04 05:00:00'),
(941, '30104', '2024-09-04 00:00:00', '2024-09-04 05:00:00'),
(942, '30103', '2024-09-04 00:00:00', '2024-09-04 05:00:00'),
(943, '30108', '2024-09-04 00:00:00', '2024-09-04 05:00:00'),
(944, '30112', '2024-09-04 00:00:00', '2024-09-04 05:00:00'),
(945, '30206', '2024-09-04 00:00:00', '2024-09-04 05:00:00'),
(946, '30303', '2024-09-04 00:00:00', '2024-09-04 05:00:00'),
(947, '30204', '2024-09-04 00:00:00', '2024-09-04 05:00:00'),
(948, '30105', '2024-09-04 00:00:00', '2024-09-04 05:00:00'),
(949, '30203', '2024-09-04 00:00:00', '2024-09-04 05:00:00'),
(950, '30207', '2024-09-04 00:00:00', '2024-09-04 05:00:00'),
(951, '30208', '2024-09-04 00:00:00', '2024-09-04 05:00:00'),
(952, '30304', '2024-09-04 00:00:00', '2024-09-04 05:00:00'),
(953, '210102', '2024-09-04 00:00:00', '2024-09-04 05:00:00'),
(954, '210101', '2024-09-04 00:00:00', '2024-09-04 05:00:00'),
(955, '210202', '2024-09-04 00:00:00', '2024-09-04 05:00:00'),
(956, '210207', '2024-09-04 00:00:00', '2024-09-04 05:00:00'),
(957, '210203', '2024-09-04 00:00:00', '2024-09-04 05:00:00'),
(958, '210205', '2024-09-04 00:00:00', '2024-09-04 05:00:00'),
(959, '210402', '2024-09-04 00:00:00', '2024-09-04 05:00:00'),
(960, '210403', '2024-09-04 00:00:00', '2024-09-04 05:00:00'),
(961, '210103', '2024-09-04 00:00:00', '2024-09-04 05:00:00'),
(962, '210301', '2024-09-04 00:00:00', '2024-09-04 05:00:00'),
(963, '210303', '2024-09-04 00:00:00', '2024-09-04 05:00:00'),
(964, '210204', '2024-09-04 00:00:00', '2024-09-04 05:00:00'),
(965, '210206', '2024-09-04 00:00:00', '2024-09-04 05:00:00'),
(966, '210201', '2024-09-04 00:00:00', '2024-09-04 05:00:00'),
(967, '210208', '2024-09-04 00:00:00', '2024-09-04 05:00:00'),
(968, '210404', '2024-09-04 00:00:00', '2024-09-04 05:00:00'),
(969, '210401', '2024-09-04 00:00:00', '2024-09-04 05:00:00'),
(970, '210405', '2024-09-04 00:00:00', '2024-09-04 05:00:00'),
(971, '210305', '2024-09-04 00:00:00', '2024-09-04 05:00:00'),
(972, '210302', '2024-09-04 00:00:00', '2024-09-04 05:00:00'),
(973, '210304', '2024-09-04 00:00:00', '2024-09-04 05:00:00'),
(974, '230118', '2024-09-04 00:00:00', '2024-09-04 05:00:00'),
(975, '230119', '2024-09-04 00:00:00', '2024-09-04 05:00:00'),
(976, '230120', '2024-09-04 00:00:00', '2024-09-04 05:00:00'),
(977, '230116', '2024-09-04 00:00:00', '2024-09-04 05:00:00'),
(978, '230202', '2024-09-04 00:00:00', '2024-09-04 05:00:00'),
(979, '230108', '2024-09-04 00:00:00', '2024-09-04 05:00:00'),
(980, '230111', '2024-09-04 00:00:00', '2024-09-04 05:00:00'),
(981, '230106', '2024-09-04 00:00:00', '2024-09-04 05:00:00'),
(982, '230103', '2024-09-04 00:00:00', '2024-09-04 05:00:00'),
(983, '230104', '2024-09-04 00:00:00', '2024-09-04 05:00:00'),
(984, '230107', '2024-09-04 00:00:00', '2024-09-04 05:00:00'),
(985, '230109', '2024-09-04 00:00:00', '2024-09-04 05:00:00'),
(986, '230201', '2024-09-04 00:00:00', '2024-09-04 05:00:00'),
(987, '230203', '2024-09-04 00:00:00', '2024-09-04 05:00:00'),
(988, '230208', '2024-09-04 00:00:00', '2024-09-04 05:00:00'),
(989, '230207', '2024-09-04 00:00:00', '2024-09-04 05:00:00'),
(990, '230105', '2024-09-04 00:00:00', '2024-09-04 05:00:00'),
(991, '230110', '2024-09-04 00:00:00', '2024-09-04 05:00:00'),
(992, '230117', '2024-09-04 00:00:00', '2024-09-04 05:00:00'),
(993, '230112', '2024-09-04 00:00:00', '2024-09-04 05:00:00'),
(994, '230113', '2024-09-04 00:00:00', '2024-09-04 05:00:00'),
(995, '230114', '2024-09-04 00:00:00', '2024-09-04 05:00:00'),
(996, '230115', '2024-09-04 00:00:00', '2024-09-04 05:00:00'),
(997, '230102', '2024-09-04 00:00:00', '2024-09-04 05:00:00'),
(998, '230101', '2024-09-04 00:00:00', '2024-09-04 05:00:00'),
(999, '230205', '2024-09-04 00:00:00', '2024-09-04 05:00:00'),
(1000, '150106', '2024-09-04 00:00:00', '2024-09-04 05:00:00'),
(1001, '150105', '2024-09-04 00:00:00', '2024-09-04 05:00:00'),
(1002, '150202', '2024-09-04 00:00:00', '2024-09-04 05:00:00'),
(1003, '150102', '2024-09-04 00:00:00', '2024-09-04 05:00:00'),
(1004, '150107', '2024-09-04 00:00:00', '2024-09-04 05:00:00'),
(1005, '150104', '2024-09-04 00:00:00', '2024-09-04 05:00:00'),
(1006, '150109', '2024-09-04 00:00:00', '2024-09-04 05:00:00'),
(1007, '150108', '2024-09-04 00:00:00', '2024-09-04 05:00:00'),
(1008, '150101', '2024-09-04 00:00:00', '2024-09-04 05:00:00'),
(1009, '150103', '2024-09-04 00:00:00', '2024-09-04 05:00:00'),
(1010, '150205', '2024-09-04 00:00:00', '2024-09-04 05:00:00'),
(1011, '150204', '2024-09-04 00:00:00', '2024-09-04 05:00:00'),
(1012, '150206', '2024-09-04 00:00:00', '2024-09-04 05:00:00'),
(1013, '150203', '2024-09-04 00:00:00', '2024-09-04 05:00:00'),
(1014, '150201', '2024-09-04 00:00:00', '2024-09-04 05:00:00'),
(1015, '80308', '2024-09-04 00:00:00', '2024-09-04 05:00:00'),
(1016, '80204', '2024-09-04 00:00:00', '2024-09-04 05:00:00'),
(1017, '80203', '2024-09-04 00:00:00', '2024-09-04 05:00:00'),
(1018, '80201', '2024-09-04 00:00:00', '2024-09-04 05:00:00'),
(1019, '80302', '2024-09-04 00:00:00', '2024-09-04 05:00:00'),
(1020, '80303', '2024-09-04 00:00:00', '2024-09-04 05:00:00'),
(1021, '80305', '2024-09-04 00:00:00', '2024-09-04 05:00:00'),
(1022, '80304', '2024-09-04 00:00:00', '2024-09-04 05:00:00'),
(1023, '80306', '2024-09-04 00:00:00', '2024-09-04 05:00:00'),
(1024, '80407', '2024-09-04 00:00:00', '2024-09-04 05:00:00'),
(1025, '80113', '2024-09-04 00:00:00', '2024-09-04 05:00:00'),
(1026, '80501', '2024-09-04 00:00:00', '2024-09-04 05:00:00'),
(1027, '80502', '2024-09-04 00:00:00', '2024-09-04 05:00:00'),
(1028, '80307', '2024-09-04 00:00:00', '2024-09-04 05:00:00'),
(1029, '80703', '2024-09-04 00:00:00', '2024-09-04 05:00:00'),
(1030, '80301', '2024-09-04 00:00:00', '2024-09-04 05:00:00'),
(1031, '80504', '2024-09-04 00:00:00', '2024-09-04 05:00:00'),
(1032, '80106', '2024-09-04 00:00:00', '2024-09-04 05:00:00'),
(1033, '80104', '2024-09-04 00:00:00', '2024-09-04 05:00:00'),
(1034, '80122', '2024-09-04 00:00:00', '2024-09-04 05:00:00'),
(1035, '80120', '2024-09-04 00:00:00', '2024-09-04 05:00:00'),
(1036, '80123', '2024-09-04 00:00:00', '2024-09-04 05:00:00'),
(1037, '80121', '2024-09-04 00:00:00', '2024-09-04 05:00:00'),
(1038, '80114', '2024-09-04 00:00:00', '2024-09-04 05:00:00'),
(1039, '80410', '2024-09-04 00:00:00', '2024-09-04 05:00:00'),
(1040, '80411', '2024-09-04 00:00:00', '2024-09-04 05:00:00'),
(1041, '80409', '2024-09-04 00:00:00', '2024-09-04 05:00:00'),
(1042, '80401', '2024-09-04 00:00:00', '2024-09-04 05:00:00'),
(1043, '80402', '2024-09-04 00:00:00', '2024-09-04 05:00:00'),
(1044, '80405', '2024-09-04 00:00:00', '2024-09-04 05:00:00'),
(1045, '80406', '2024-09-04 00:00:00', '2024-09-04 05:00:00'),
(1046, '80403', '2024-09-04 00:00:00', '2024-09-04 05:00:00'),
(1047, '80503', '2024-09-04 00:00:00', '2024-09-04 05:00:00'),
(1048, '80101', '2024-09-04 00:00:00', '2024-09-04 05:00:00'),
(1049, '80111', '2024-09-04 00:00:00', '2024-09-04 05:00:00'),
(1050, '80110', '2024-09-04 00:00:00', '2024-09-04 05:00:00'),
(1051, '80702', '2024-09-04 00:00:00', '2024-09-04 05:00:00'),
(1052, '80107', '2024-09-04 00:00:00', '2024-09-04 05:00:00'),
(1053, '80112', '2024-09-04 00:00:00', '2024-09-04 05:00:00'),
(1054, '80103', '2024-09-04 00:00:00', '2024-09-04 05:00:00'),
(1055, '80105', '2024-09-04 00:00:00', '2024-09-04 05:00:00'),
(1056, '80117', '2024-09-04 00:00:00', '2024-09-04 05:00:00'),
(1057, '80115', '2024-09-04 00:00:00', '2024-09-04 05:00:00'),
(1058, '80116', '2024-09-04 00:00:00', '2024-09-04 05:00:00'),
(1059, '80119', '2024-09-04 00:00:00', '2024-09-04 05:00:00'),
(1060, '80118', '2024-09-04 00:00:00', '2024-09-04 05:00:00'),
(1061, '80102', '2024-09-04 00:00:00', '2024-09-04 05:00:00'),
(1062, '60106', '2024-09-04 00:00:00', '2024-09-04 05:00:00'),
(1063, '60402', '2024-09-04 00:00:00', '2024-09-04 05:00:00'),
(1064, '60117', '2024-09-04 00:00:00', '2024-09-04 05:00:00'),
(1065, '60108', '2024-09-04 00:00:00', '2024-09-04 05:00:00'),
(1066, '60121', '2024-09-04 00:00:00', '2024-09-04 05:00:00'),
(1067, '60406', '2024-09-04 00:00:00', '2024-09-04 05:00:00'),
(1068, '60408', '2024-09-04 00:00:00', '2024-09-04 05:00:00'),
(1069, '60407', '2024-09-04 00:00:00', '2024-09-04 05:00:00'),
(1070, '60503', '2024-09-04 00:00:00', '2024-09-04 05:00:00'),
(1071, '60502', '2024-09-04 00:00:00', '2024-09-04 05:00:00'),
(1072, '60112', '2024-09-04 00:00:00', '2024-09-04 05:00:00'),
(1073, '60115', '2024-09-04 00:00:00', '2024-09-04 05:00:00'),
(1074, '60111', '2024-09-04 00:00:00', '2024-09-04 05:00:00'),
(1075, '60504', '2024-09-04 00:00:00', '2024-09-04 05:00:00'),
(1076, '60107', '2024-09-04 00:00:00', '2024-09-04 05:00:00'),
(1077, '60501', '2024-09-04 00:00:00', '2024-09-04 05:00:00'),
(1078, '60118', '2024-09-04 00:00:00', '2024-09-04 05:00:00'),
(1079, '60103', '2024-09-04 00:00:00', '2024-09-04 05:00:00'),
(1080, '60119', '2024-09-04 00:00:00', '2024-09-04 05:00:00'),
(1081, '60120', '2024-09-04 00:00:00', '2024-09-04 05:00:00'),
(1082, '60204', '2024-09-04 00:00:00', '2024-09-04 05:00:00'),
(1083, '60201', '2024-09-04 00:00:00', '2024-09-04 05:00:00'),
(1084, '60206', '2024-09-04 00:00:00', '2024-09-04 05:00:00'),
(1085, '60301', '2024-09-04 00:00:00', '2024-09-04 05:00:00'),
(1086, '60302', '2024-09-04 00:00:00', '2024-09-04 05:00:00'),
(1087, '60401', '2024-09-04 00:00:00', '2024-09-04 05:00:00'),
(1088, '60409', '2024-09-04 00:00:00', '2024-09-04 05:00:00'),
(1089, '60404', '2024-09-04 00:00:00', '2024-09-04 05:00:00'),
(1090, '60405', '2024-09-04 00:00:00', '2024-09-04 05:00:00'),
(1091, '60410', '2024-09-04 00:00:00', '2024-09-04 05:00:00'),
(1092, '60116', '2024-09-04 00:00:00', '2024-09-04 05:00:00'),
(1093, '60102', '2024-09-04 00:00:00', '2024-09-04 05:00:00'),
(1094, '60104', '2024-09-04 00:00:00', '2024-09-04 05:00:00'),
(1095, '60207', '2024-09-04 00:00:00', '2024-09-04 05:00:00'),
(1096, '60403', '2024-09-04 00:00:00', '2024-09-04 05:00:00'),
(1097, '60110', '2024-09-04 00:00:00', '2024-09-04 05:00:00'),
(1098, '60114', '2024-09-04 00:00:00', '2024-09-04 05:00:00'),
(1099, '60109', '2024-09-04 00:00:00', '2024-09-04 05:00:00'),
(1100, '60202', '2024-09-04 00:00:00', '2024-09-04 05:00:00'),
(1101, '60205', '2024-09-04 00:00:00', '2024-09-04 05:00:00'),
(1102, '60101', '2024-09-04 00:00:00', '2024-09-04 05:00:00'),
(1103, '60203', '2024-09-04 00:00:00', '2024-09-04 05:00:00'),
(1104, '60113', '2024-09-04 00:00:00', '2024-09-04 05:00:00'),
(1105, '60105', '2024-09-04 00:00:00', '2024-09-04 05:00:00'),
(1106, '220303', '2024-09-04 00:00:00', '2024-09-04 05:00:00'),
(1107, '220104', '2024-09-04 00:00:00', '2024-09-04 05:00:00'),
(1108, '220209', '2024-09-04 00:00:00', '2024-09-04 05:00:00'),
(1109, '220302', '2024-09-04 00:00:00', '2024-09-04 05:00:00'),
(1110, '220210', '2024-09-04 00:00:00', '2024-09-04 05:00:00'),
(1111, '220205', '2024-09-04 00:00:00', '2024-09-04 05:00:00'),
(1112, '220103', '2024-09-04 00:00:00', '2024-09-04 05:00:00'),
(1113, '220204', '2024-09-04 00:00:00', '2024-09-04 05:00:00'),
(1114, '220208', '2024-09-04 00:00:00', '2024-09-04 05:00:00'),
(1115, '220207', '2024-09-04 00:00:00', '2024-09-04 05:00:00'),
(1116, '220202', '2024-09-04 00:00:00', '2024-09-04 05:00:00'),
(1117, '140304', '2024-09-04 00:00:00', '2024-09-04 05:00:00'),
(1118, '140401', '2024-09-04 00:00:00', '2024-09-04 05:00:00'),
(1119, '140402', '2024-09-04 00:00:00', '2024-09-04 05:00:00'),
(1120, '140406', '2024-09-04 00:00:00', '2024-09-04 05:00:00'),
(1121, '140407', '2024-09-04 00:00:00', '2024-09-04 05:00:00'),
(1122, '140302', '2024-09-04 00:00:00', '2024-09-04 05:00:00'),
(1123, '140303', '2024-09-04 00:00:00', '2024-09-04 05:00:00'),
(1124, '140305', '2024-09-04 00:00:00', '2024-09-04 05:00:00'),
(1125, '140306', '2024-09-04 00:00:00', '2024-09-04 05:00:00'),
(1126, '140307', '2024-09-04 00:00:00', '2024-09-04 05:00:00'),
(1127, '140308', '2024-09-04 00:00:00', '2024-09-04 05:00:00'),
(1128, '140310', '2024-09-04 00:00:00', '2024-09-04 05:00:00'),
(1129, '140311', '2024-09-04 00:00:00', '2024-09-04 05:00:00'),
(1130, '140312', '2024-09-04 00:00:00', '2024-09-04 05:00:00'),
(1131, '140313', '2024-09-04 00:00:00', '2024-09-04 05:00:00'),
(1132, '140314', '2024-09-04 00:00:00', '2024-09-04 05:00:00'),
(1133, '140316', '2024-09-04 00:00:00', '2024-09-04 05:00:00'),
(1134, '140317', '2024-09-04 00:00:00', '2024-09-04 05:00:00'),
(1135, '140318', '2024-09-04 00:00:00', '2024-09-04 05:00:00'),
(1136, '140319', '2024-09-04 00:00:00', '2024-09-04 05:00:00'),
(1137, '140320', '2024-09-04 00:00:00', '2024-09-04 05:00:00'),
(1138, '140321', '2024-09-04 00:00:00', '2024-09-04 05:00:00'),
(1139, '140322', '2024-09-04 00:00:00', '2024-09-04 05:00:00'),
(1140, '140323', '2024-09-04 00:00:00', '2024-09-04 05:00:00'),
(1141, '140324', '2024-09-04 00:00:00', '2024-09-04 05:00:00'),
(1142, '140325', '2024-09-04 00:00:00', '2024-09-04 05:00:00'),
(1143, '140326', '2024-09-04 00:00:00', '2024-09-04 05:00:00'),
(1144, '140327', '2024-09-04 00:00:00', '2024-09-04 05:00:00'),
(1145, '140328', '2024-09-04 00:00:00', '2024-09-04 05:00:00'),
(1146, '140329', '2024-09-04 00:00:00', '2024-09-04 05:00:00'),
(1147, '140330', '2024-09-04 00:00:00', '2024-09-04 05:00:00'),
(1148, '140331', '2024-09-04 00:00:00', '2024-09-04 05:00:00'),
(1149, '140332', '2024-09-04 00:00:00', '2024-09-04 05:00:00'),
(1150, '140333', '2024-09-04 00:00:00', '2024-09-04 05:00:00'),
(1151, '140334', '2024-09-04 00:00:00', '2024-09-04 05:00:00'),
(1152, '140335', '2024-09-04 00:00:00', '2024-09-04 05:00:00'),
(1153, '140336', '2024-09-04 00:00:00', '2024-09-04 05:00:00'),
(1154, '140337', '2024-09-04 00:00:00', '2024-09-04 05:00:00'),
(1155, '140338', '2024-09-04 00:00:00', '2024-09-04 05:00:00'),
(1156, '140339', '2024-09-04 00:00:00', '2024-09-04 05:00:00'),
(1157, '140340', '2024-09-04 00:00:00', '2024-09-04 05:00:00'),
(1158, '140341', '2024-09-04 00:00:00', '2024-09-04 05:00:00'),
(1159, '140342', '2024-09-04 00:00:00', '2024-09-04 05:00:00'),
(1160, '140343', '2024-09-04 00:00:00', '2024-09-04 05:00:00'),
(1161, '140344', '2024-09-04 00:00:00', '2024-09-04 05:00:00'),
(1162, '140345', '2024-09-04 00:00:00', '2024-09-04 05:00:00'),
(1163, '140346', '2024-09-04 00:00:00', '2024-09-04 05:00:00'),
(1164, '140347', '2024-09-04 00:00:00', '2024-09-04 05:00:00'),
(1165, '140348', '2024-09-04 00:00:00', '2024-09-04 05:00:00'),
(1166, '140349', '2024-09-04 00:00:00', '2024-09-04 05:00:00'),
(1167, '140350', '2024-09-04 00:00:00', '2024-09-04 05:00:00'),
(1168, '140351', '2024-09-04 00:00:00', '2024-09-04 05:00:00'),
(1169, '140352', '2024-09-04 00:00:00', '2024-09-04 05:00:00'),
(1170, '140353', '2024-09-04 00:00:00', '2024-09-04 05:00:00'),
(1171, '140354', '2024-09-04 00:00:00', '2024-09-04 05:00:00'),
(1172, '140355', '2024-09-04 00:00:00', '2024-09-04 05:00:00'),
(1173, '140356', '2024-09-04 00:00:00', '2024-09-04 05:00:00'),
(1174, '140357', '2024-09-04 00:00:00', '2024-09-04 05:00:00'),
(1175, '140358', '2024-09-04 00:00:00', '2024-09-04 05:00:00'),
(1176, '140359', '2024-09-04 00:00:00', '2024-09-04 05:00:00'),
(1177, '140360', '2024-09-04 00:00:00', '2024-09-04 05:00:00'),
(1178, '140361', '2024-09-04 00:00:00', '2024-09-04 05:00:00'),
(1179, '140362', '2024-09-04 00:00:00', '2024-09-04 05:00:00'),
(1180, '140363', '2024-09-04 00:00:00', '2024-09-04 05:00:00'),
(1181, '140364', '2024-09-04 00:00:00', '2024-09-04 05:00:00'),
(1182, '140365', '2024-09-04 00:00:00', '2024-09-04 05:00:00'),
(1183, '140366', '2024-09-04 00:00:00', '2024-09-04 05:00:00'),
(1184, '140367', '2024-09-04 00:00:00', '2024-09-04 05:00:00'),
(1185, '140368', '2024-09-04 00:00:00', '2024-09-04 05:00:00'),
(1186, '140369', '2024-09-04 00:00:00', '2024-09-04 05:00:00'),
(1187, '140370', '2024-09-04 00:00:00', '2024-09-04 05:00:00'),
(1188, '140371', '2024-09-04 00:00:00', '2024-09-04 05:00:00'),
(1189, '140372', '2024-09-04 00:00:00', '2024-09-04 05:00:00'),
(1190, '140373', '2024-09-04 00:00:00', '2024-09-04 05:00:00'),
(1191, '140374', '2024-09-04 00:00:00', '2024-09-04 05:00:00'),
(1192, '140375', '2024-09-04 00:00:00', '2024-09-04 05:00:00'),
(1193, '140376', '2024-09-04 00:00:00', '2024-09-04 05:00:00'),
(1194, '140377', '2024-09-04 00:00:00', '2024-09-04 05:00:00'),
(1195, '140378', '2024-09-04 00:00:00', '2024-09-04 05:00:00'),
(1196, '140379', '2024-09-04 00:00:00', '2024-09-04 05:00:00'),
(1197, '140380', '2024-09-04 00:00:00', '2024-09-04 05:00:00'),
(1198, '140381', '2024-09-04 00:00:00', '2024-09-04 05:00:00'),
(1199, '140382', '2024-09-04 00:00:00', '2024-09-04 05:00:00'),
(1200, '140383', '2024-09-04 00:00:00', '2024-09-04 05:00:00'),
(1201, '140384', '2024-09-04 00:00:00', '2024-09-04 05:00:00'),
(1202, '140385', '2024-09-04 00:00:00', '2024-09-04 05:00:00'),
(1203, '140386', '2024-09-04 00:00:00', '2024-09-04 05:00:00'),
(1204, '140387', '2024-09-04 00:00:00', '2024-09-04 05:00:00'),
(1205, '140388', '2024-09-04 00:00:00', '2024-09-04 05:00:00'),
(1206, '140389', '2024-09-04 00:00:00', '2024-09-04 05:00:00'),
(1207, '70603', '2024-09-04 00:00:00', '2024-09-04 05:00:00'),
(1208, '70602', '2024-09-04 00:00:00', '2024-09-04 05:00:00'),
(1209, '70607', '2024-09-04 00:00:00', '2024-09-04 05:00:00'),
(1210, '70601', '2024-09-04 00:00:00', '2024-09-04 05:00:00'),
(1211, '70504', '2024-09-04 00:00:00', '2024-09-04 05:00:00'),
(1212, '70208', '2024-09-04 00:00:00', '2024-09-04 05:00:00'),
(1213, '70220', '2024-09-04 00:00:00', '2024-09-04 05:00:00'),
(1214, '70115', '2024-09-04 00:00:00', '2024-09-04 05:00:00'),
(1215, '70605', '2024-09-04 00:00:00', '2024-09-04 05:00:00'),
(1216, '70216', '2024-09-04 00:00:00', '2024-09-04 05:00:00'),
(1217, '70210', '2024-09-04 00:00:00', '2024-09-04 05:00:00'),
(1218, '70224', '2024-09-04 00:00:00', '2024-09-04 05:00:00'),
(1219, '70221', '2024-09-04 00:00:00', '2024-09-04 05:00:00'),
(1220, '70223', '2024-09-04 00:00:00', '2024-09-04 05:00:00'),
(1221, '70217', '2024-09-04 00:00:00', '2024-09-04 05:00:00'),
(1222, '70209', '2024-09-04 00:00:00', '2024-09-04 05:00:00'),
(1223, '80109', '2024-09-04 00:00:00', '2024-09-04 05:00:00'),
(1224, '80108', '2024-09-04 00:00:00', '2024-09-04 05:00:00'),
(1225, '171110', '2024-09-04 00:00:00', '2024-09-04 05:00:00');

-- --------------------------------------------------------

--
-- Estructura de tabla para la tabla `countries`
--

CREATE TABLE `countries` (
  `id` int(11) NOT NULL,
  `country_code` varchar(2) NOT NULL DEFAULT '',
  `country_name` varchar(100) NOT NULL DEFAULT '',
  `status` tinyint(4) NOT NULL DEFAULT 1,
  `created_at` datetime NOT NULL,
  `updated_at` timestamp NOT NULL DEFAULT current_timestamp() ON UPDATE current_timestamp()
) ENGINE=MyISAM DEFAULT CHARSET=utf8 COLLATE=utf8_general_ci;

--
-- Volcado de datos para la tabla `countries`
--

INSERT INTO `countries` (`id`, `country_code`, `country_name`, `status`, `created_at`, `updated_at`) VALUES
(1, 'AF', 'Afghanistan', 1, '0000-00-00 00:00:00', '2024-07-24 20:44:57'),
(2, 'AL', 'Albania', 1, '0000-00-00 00:00:00', '2024-07-24 20:44:57'),
(3, 'DZ', 'Algeria', 1, '0000-00-00 00:00:00', '2024-07-24 20:44:57'),
(4, 'AS', 'American Samoa', 1, '0000-00-00 00:00:00', '2024-07-24 20:44:57'),
(5, 'AD', 'Andorra', 1, '0000-00-00 00:00:00', '2024-07-24 20:44:57'),
(6, 'AO', 'Angola', 1, '0000-00-00 00:00:00', '2024-07-24 20:44:57'),
(7, 'AI', 'Anguilla', 1, '0000-00-00 00:00:00', '2024-07-24 20:44:57'),
(8, 'AQ', 'Antarctica', 1, '0000-00-00 00:00:00', '2024-07-24 20:44:57'),
(9, 'AG', 'Antigua and Barbuda', 1, '0000-00-00 00:00:00', '2024-07-24 20:44:57'),
(10, 'AR', 'Argentina', 1, '0000-00-00 00:00:00', '2024-07-24 20:44:57'),
(11, 'AM', 'Armenia', 1, '0000-00-00 00:00:00', '2024-07-24 20:44:57'),
(12, 'AW', 'Aruba', 1, '0000-00-00 00:00:00', '2024-07-24 20:44:57'),
(13, 'AU', 'Australia', 1, '0000-00-00 00:00:00', '2024-07-24 20:44:57'),
(14, 'AT', 'Austria', 1, '0000-00-00 00:00:00', '2024-07-24 20:44:57'),
(15, 'AZ', 'Azerbaijan', 1, '0000-00-00 00:00:00', '2024-07-24 20:44:57'),
(16, 'BS', 'Bahamas', 1, '0000-00-00 00:00:00', '2024-07-24 20:44:57'),
(17, 'BH', 'Bahrain', 1, '0000-00-00 00:00:00', '2024-07-24 20:44:57'),
(18, 'BD', 'Bangladesh', 1, '0000-00-00 00:00:00', '2024-07-24 20:44:57'),
(19, 'BB', 'Barbados', 1, '0000-00-00 00:00:00', '2024-07-24 20:44:57'),
(20, 'BY', 'Belarus', 1, '0000-00-00 00:00:00', '2024-07-24 20:44:57'),
(21, 'BE', 'Belgium', 1, '0000-00-00 00:00:00', '2024-07-24 20:44:57'),
(22, 'BZ', 'Belize', 1, '0000-00-00 00:00:00', '2024-07-24 20:44:57'),
(23, 'BJ', 'Benin', 1, '0000-00-00 00:00:00', '2024-07-24 20:44:57'),
(24, 'BM', 'Bermuda', 1, '0000-00-00 00:00:00', '2024-07-24 20:44:57'),
(25, 'BT', 'Bhutan', 1, '0000-00-00 00:00:00', '2024-07-24 20:44:57'),
(26, 'BO', 'Bolivia', 1, '0000-00-00 00:00:00', '2024-07-24 20:44:57'),
(27, 'BA', 'Bosnia and Herzegovina', 1, '0000-00-00 00:00:00', '2024-07-24 20:44:57'),
(28, 'BW', 'Botswana', 1, '0000-00-00 00:00:00', '2024-07-24 20:44:57'),
(29, 'BV', 'Bouvet Island', 1, '0000-00-00 00:00:00', '2024-07-24 20:44:57'),
(30, 'BR', 'Brazil', 1, '0000-00-00 00:00:00', '2024-07-24 20:44:57'),
(31, 'IO', 'British Indian Ocean Territory', 1, '0000-00-00 00:00:00', '2024-07-24 20:44:57'),
(32, 'BN', 'Brunei Darussalam', 1, '0000-00-00 00:00:00', '2024-07-24 20:44:57'),
(33, 'BG', 'Bulgaria', 1, '0000-00-00 00:00:00', '2024-07-24 20:44:57'),
(34, 'BF', 'Burkina Faso', 1, '0000-00-00 00:00:00', '2024-07-24 20:44:57'),
(35, 'BI', 'Burundi', 1, '0000-00-00 00:00:00', '2024-07-24 20:44:57'),
(36, 'KH', 'Cambodia', 1, '0000-00-00 00:00:00', '2024-07-24 20:44:57'),
(37, 'CM', 'Cameroon', 1, '0000-00-00 00:00:00', '2024-07-24 20:44:57'),
(38, 'CA', 'Canada', 1, '0000-00-00 00:00:00', '2024-07-24 20:44:57'),
(39, 'CV', 'Cape Verde', 1, '0000-00-00 00:00:00', '2024-07-24 20:44:57'),
(40, 'KY', 'Cayman Islands', 1, '0000-00-00 00:00:00', '2024-07-24 20:44:57'),
(41, 'CF', 'Central African Republic', 1, '0000-00-00 00:00:00', '2024-07-24 20:44:57'),
(42, 'TD', 'Chad', 1, '0000-00-00 00:00:00', '2024-07-24 20:44:57'),
(43, 'CL', 'Chile', 1, '0000-00-00 00:00:00', '2024-07-24 20:44:57'),
(44, 'CN', 'China', 1, '0000-00-00 00:00:00', '2024-07-24 20:44:57'),
(45, 'CX', 'Christmas Island', 1, '0000-00-00 00:00:00', '2024-07-24 20:44:57'),
(46, 'CC', 'Cocos (Keeling) Islands', 1, '0000-00-00 00:00:00', '2024-07-24 20:44:57'),
(47, 'CO', 'Colombia', 1, '0000-00-00 00:00:00', '2024-07-24 20:44:57'),
(48, 'KM', 'Comoros', 1, '0000-00-00 00:00:00', '2024-07-24 20:44:57'),
(49, 'CD', 'Democratic Republic of the Congo', 1, '0000-00-00 00:00:00', '2024-07-24 20:44:57'),
(50, 'CG', 'Republic of Congo', 1, '0000-00-00 00:00:00', '2024-07-24 20:44:57'),
(51, 'CK', 'Cook Islands', 1, '0000-00-00 00:00:00', '2024-07-24 20:44:57'),
(52, 'CR', 'Costa Rica', 1, '0000-00-00 00:00:00', '2024-07-24 20:44:57'),
(53, 'HR', 'Croatia (Hrvatska)', 1, '0000-00-00 00:00:00', '2024-07-24 20:44:57'),
(54, 'CU', 'Cuba', 1, '0000-00-00 00:00:00', '2024-07-24 20:44:57'),
(55, 'CY', 'Cyprus', 1, '0000-00-00 00:00:00', '2024-07-24 20:44:57'),
(56, 'CZ', 'Czech Republic', 1, '0000-00-00 00:00:00', '2024-07-24 20:44:57'),
(57, 'DK', 'Denmark', 1, '0000-00-00 00:00:00', '2024-07-24 20:44:57'),
(58, 'DJ', 'Djibouti', 1, '0000-00-00 00:00:00', '2024-07-24 20:44:57'),
(59, 'DM', 'Dominica', 1, '0000-00-00 00:00:00', '2024-07-24 20:44:57'),
(60, 'DO', 'Dominican Republic', 1, '0000-00-00 00:00:00', '2024-07-24 20:44:57'),
(61, 'TL', 'East Timor', 1, '0000-00-00 00:00:00', '2024-07-24 20:44:57'),
(62, 'EC', 'Ecuador', 1, '0000-00-00 00:00:00', '2024-07-24 20:44:57'),
(63, 'EG', 'Egypt', 1, '0000-00-00 00:00:00', '2024-07-24 20:44:57'),
(64, 'SV', 'El Salvador', 1, '0000-00-00 00:00:00', '2024-07-24 20:44:57'),
(65, 'GQ', 'Equatorial Guinea', 1, '0000-00-00 00:00:00', '2024-07-24 20:44:57'),
(66, 'ER', 'Eritrea', 1, '0000-00-00 00:00:00', '2024-07-24 20:44:57'),
(67, 'EE', 'Estonia', 1, '0000-00-00 00:00:00', '2024-07-24 20:44:57'),
(68, 'ET', 'Ethiopia', 1, '0000-00-00 00:00:00', '2024-07-24 20:44:57'),
(69, 'FK', 'Falkland Islands (Malvinas)', 1, '0000-00-00 00:00:00', '2024-07-24 20:44:57'),
(70, 'FO', 'Faroe Islands', 1, '0000-00-00 00:00:00', '2024-07-24 20:44:57'),
(71, 'FJ', 'Fiji', 1, '0000-00-00 00:00:00', '2024-07-24 20:44:57'),
(72, 'FI', 'Finland', 1, '0000-00-00 00:00:00', '2024-07-24 20:44:57'),
(73, 'FR', 'France', 1, '0000-00-00 00:00:00', '2024-07-24 20:44:57'),
(74, 'FX', 'France, Metropolitan', 1, '0000-00-00 00:00:00', '2024-07-24 20:44:57'),
(75, 'GF', 'French Guiana', 1, '0000-00-00 00:00:00', '2024-07-24 20:44:57'),
(76, 'PF', 'French Polynesia', 1, '0000-00-00 00:00:00', '2024-07-24 20:44:57'),
(77, 'TF', 'French Southern Territories', 1, '0000-00-00 00:00:00', '2024-07-24 20:44:57'),
(78, 'GA', 'Gabon', 1, '0000-00-00 00:00:00', '2024-07-24 20:44:57'),
(79, 'GM', 'Gambia', 1, '0000-00-00 00:00:00', '2024-07-24 20:44:57'),
(80, 'GE', 'Georgia', 1, '0000-00-00 00:00:00', '2024-07-24 20:44:57'),
(81, 'DE', 'Germany', 1, '0000-00-00 00:00:00', '2024-07-24 20:44:57'),
(82, 'GH', 'Ghana', 1, '0000-00-00 00:00:00', '2024-07-24 20:44:57'),
(83, 'GI', 'Gibraltar', 1, '0000-00-00 00:00:00', '2024-07-24 20:44:57'),
(84, 'GG', 'Guernsey', 1, '0000-00-00 00:00:00', '2024-07-24 20:44:57'),
(85, 'GR', 'Greece', 1, '0000-00-00 00:00:00', '2024-07-24 20:44:57'),
(86, 'GL', 'Greenland', 1, '0000-00-00 00:00:00', '2024-07-24 20:44:57'),
(87, 'GD', 'Grenada', 1, '0000-00-00 00:00:00', '2024-07-24 20:44:57'),
(88, 'GP', 'Guadeloupe', 1, '0000-00-00 00:00:00', '2024-07-24 20:44:57'),
(89, 'GU', 'Guam', 1, '0000-00-00 00:00:00', '2024-07-24 20:44:57'),
(90, 'GT', 'Guatemala', 1, '0000-00-00 00:00:00', '2024-07-24 20:44:57'),
(91, 'GN', 'Guinea', 1, '0000-00-00 00:00:00', '2024-07-24 20:44:57'),
(92, 'GW', 'Guinea-Bissau', 1, '0000-00-00 00:00:00', '2024-07-24 20:44:57'),
(93, 'GY', 'Guyana', 1, '0000-00-00 00:00:00', '2024-07-24 20:44:57'),
(94, 'HT', 'Haiti', 1, '0000-00-00 00:00:00', '2024-07-24 20:44:57'),
(95, 'HM', 'Heard and Mc Donald Islands', 1, '0000-00-00 00:00:00', '2024-07-24 20:44:57'),
(96, 'HN', 'Honduras', 1, '0000-00-00 00:00:00', '2024-07-24 20:44:57'),
(97, 'HK', 'Hong Kong', 1, '0000-00-00 00:00:00', '2024-07-24 20:44:57'),
(98, 'HU', 'Hungary', 1, '0000-00-00 00:00:00', '2024-07-24 20:44:57'),
(99, 'IS', 'Iceland', 1, '0000-00-00 00:00:00', '2024-07-24 20:44:57'),
(100, 'IN', 'India', 1, '0000-00-00 00:00:00', '2024-07-24 20:44:57'),
(101, 'IM', 'Isle of Man', 1, '0000-00-00 00:00:00', '2024-07-24 20:44:57'),
(102, 'ID', 'Indonesia', 1, '0000-00-00 00:00:00', '2024-07-24 20:44:57'),
(103, 'IR', 'Iran (Islamic Republic of)', 1, '0000-00-00 00:00:00', '2024-07-24 20:44:57'),
(104, 'IQ', 'Iraq', 1, '0000-00-00 00:00:00', '2024-07-24 20:44:57'),
(105, 'IE', 'Ireland', 1, '0000-00-00 00:00:00', '2024-07-24 20:44:57'),
(106, 'IL', 'Israel', 1, '0000-00-00 00:00:00', '2024-07-24 20:44:57'),
(107, 'IT', 'Italy', 1, '0000-00-00 00:00:00', '2024-07-24 20:44:57'),
(108, 'CI', 'Ivory Coast', 1, '0000-00-00 00:00:00', '2024-07-24 20:44:57'),
(109, 'JE', 'Jersey', 1, '0000-00-00 00:00:00', '2024-07-24 20:44:57'),
(110, 'JM', 'Jamaica', 1, '0000-00-00 00:00:00', '2024-07-24 20:44:57'),
(111, 'JP', 'Japan', 1, '0000-00-00 00:00:00', '2024-07-24 20:44:57'),
(112, 'JO', 'Jordan', 1, '0000-00-00 00:00:00', '2024-07-24 20:44:57'),
(113, 'KZ', 'Kazakhstan', 1, '0000-00-00 00:00:00', '2024-07-24 20:44:57'),
(114, 'KE', 'Kenya', 1, '0000-00-00 00:00:00', '2024-07-24 20:44:57'),
(115, 'KI', 'Kiribati', 1, '0000-00-00 00:00:00', '2024-07-24 20:44:57'),
(116, 'KP', 'Korea, Democratic People\'s Republic of', 1, '0000-00-00 00:00:00', '2024-07-24 20:44:57'),
(117, 'KR', 'Korea, Republic of', 1, '0000-00-00 00:00:00', '2024-07-24 20:44:57'),
(118, 'XK', 'Kosovo', 1, '0000-00-00 00:00:00', '2024-07-24 20:44:57'),
(119, 'KW', 'Kuwait', 1, '0000-00-00 00:00:00', '2024-07-24 20:44:57'),
(120, 'KG', 'Kyrgyzstan', 1, '0000-00-00 00:00:00', '2024-07-24 20:44:57'),
(121, 'LA', 'Lao People\'s Democratic Republic', 1, '0000-00-00 00:00:00', '2024-07-24 20:44:57'),
(122, 'LV', 'Latvia', 1, '0000-00-00 00:00:00', '2024-07-24 20:44:57'),
(123, 'LB', 'Lebanon', 1, '0000-00-00 00:00:00', '2024-07-24 20:44:57'),
(124, 'LS', 'Lesotho', 1, '0000-00-00 00:00:00', '2024-07-24 20:44:57'),
(125, 'LR', 'Liberia', 1, '0000-00-00 00:00:00', '2024-07-24 20:44:57'),
(126, 'LY', 'Libyan Arab Jamahiriya', 1, '0000-00-00 00:00:00', '2024-07-24 20:44:57'),
(127, 'LI', 'Liechtenstein', 1, '0000-00-00 00:00:00', '2024-07-24 20:44:57'),
(128, 'LT', 'Lithuania', 1, '0000-00-00 00:00:00', '2024-07-24 20:44:57'),
(129, 'LU', 'Luxembourg', 1, '0000-00-00 00:00:00', '2024-07-24 20:44:57'),
(130, 'MO', 'Macau', 1, '0000-00-00 00:00:00', '2024-07-24 20:44:57'),
(131, 'MK', 'North Macedonia', 1, '0000-00-00 00:00:00', '2024-07-24 20:44:57'),
(132, 'MG', 'Madagascar', 1, '0000-00-00 00:00:00', '2024-07-24 20:44:57'),
(133, 'MW', 'Malawi', 1, '0000-00-00 00:00:00', '2024-07-24 20:44:57'),
(134, 'MY', 'Malaysia', 1, '0000-00-00 00:00:00', '2024-07-24 20:44:57'),
(135, 'MV', 'Maldives', 1, '0000-00-00 00:00:00', '2024-07-24 20:44:57'),
(136, 'ML', 'Mali', 1, '0000-00-00 00:00:00', '2024-07-24 20:44:57'),
(137, 'MT', 'Malta', 1, '0000-00-00 00:00:00', '2024-07-24 20:44:57'),
(138, 'MH', 'Marshall Islands', 1, '0000-00-00 00:00:00', '2024-07-24 20:44:57'),
(139, 'MQ', 'Martinique', 1, '0000-00-00 00:00:00', '2024-07-24 20:44:57'),
(140, 'MR', 'Mauritania', 1, '0000-00-00 00:00:00', '2024-07-24 20:44:57'),
(141, 'MU', 'Mauritius', 1, '0000-00-00 00:00:00', '2024-07-24 20:44:57'),
(142, 'YT', 'Mayotte', 1, '0000-00-00 00:00:00', '2024-07-24 20:44:57'),
(143, 'MX', 'Mexico', 1, '0000-00-00 00:00:00', '2024-07-24 20:44:57'),
(144, 'FM', 'Micronesia, Federated States of', 1, '0000-00-00 00:00:00', '2024-07-24 20:44:57'),
(145, 'MD', 'Moldova, Republic of', 1, '0000-00-00 00:00:00', '2024-07-24 20:44:57'),
(146, 'MC', 'Monaco', 1, '0000-00-00 00:00:00', '2024-07-24 20:44:57'),
(147, 'MN', 'Mongolia', 1, '0000-00-00 00:00:00', '2024-07-24 20:44:57'),
(148, 'ME', 'Montenegro', 1, '0000-00-00 00:00:00', '2024-07-24 20:44:57'),
(149, 'MS', 'Montserrat', 1, '0000-00-00 00:00:00', '2024-07-24 20:44:57'),
(150, 'MA', 'Morocco', 1, '0000-00-00 00:00:00', '2024-07-24 20:44:57'),
(151, 'MZ', 'Mozambique', 1, '0000-00-00 00:00:00', '2024-07-24 20:44:57'),
(152, 'MM', 'Myanmar', 1, '0000-00-00 00:00:00', '2024-07-24 20:44:57'),
(153, 'NA', 'Namibia', 1, '0000-00-00 00:00:00', '2024-07-24 20:44:57'),
(154, 'NR', 'Nauru', 1, '0000-00-00 00:00:00', '2024-07-24 20:44:57'),
(155, 'NP', 'Nepal', 1, '0000-00-00 00:00:00', '2024-07-24 20:44:57'),
(156, 'NL', 'Netherlands', 1, '0000-00-00 00:00:00', '2024-07-24 20:44:57'),
(157, 'AN', 'Netherlands Antilles', 1, '0000-00-00 00:00:00', '2024-07-24 20:44:57'),
(158, 'NC', 'New Caledonia', 1, '0000-00-00 00:00:00', '2024-07-24 20:44:57'),
(159, 'NZ', 'New Zealand', 1, '0000-00-00 00:00:00', '2024-07-24 20:44:57'),
(160, 'NI', 'Nicaragua', 1, '0000-00-00 00:00:00', '2024-07-24 20:44:57'),
(161, 'NE', 'Niger', 1, '0000-00-00 00:00:00', '2024-07-24 20:44:57'),
(162, 'NG', 'Nigeria', 1, '0000-00-00 00:00:00', '2024-07-24 20:44:57'),
(163, 'NU', 'Niue', 1, '0000-00-00 00:00:00', '2024-07-24 20:44:57'),
(164, 'NF', 'Norfolk Island', 1, '0000-00-00 00:00:00', '2024-07-24 20:44:57'),
(165, 'MP', 'Northern Mariana Islands', 1, '0000-00-00 00:00:00', '2024-07-24 20:44:57'),
(166, 'NO', 'Norway', 1, '0000-00-00 00:00:00', '2024-07-24 20:44:57'),
(167, 'OM', 'Oman', 1, '0000-00-00 00:00:00', '2024-07-24 20:44:57'),
(168, 'PK', 'Pakistan', 1, '0000-00-00 00:00:00', '2024-07-24 20:44:57'),
(169, 'PW', 'Palau', 1, '0000-00-00 00:00:00', '2024-07-24 20:44:57'),
(170, 'PS', 'Palestine', 1, '0000-00-00 00:00:00', '2024-07-24 20:44:57'),
(171, 'PA', 'Panama', 1, '0000-00-00 00:00:00', '2024-07-24 20:44:57'),
(172, 'PG', 'Papua New Guinea', 1, '0000-00-00 00:00:00', '2024-07-24 20:44:57'),
(173, 'PY', 'Paraguay', 1, '0000-00-00 00:00:00', '2024-07-24 20:44:57'),
(174, 'PE', 'Peru', 1, '0000-00-00 00:00:00', '2024-07-24 20:44:57'),
(175, 'PH', 'Philippines', 1, '0000-00-00 00:00:00', '2024-07-24 20:44:57'),
(176, 'PN', 'Pitcairn', 1, '0000-00-00 00:00:00', '2024-07-24 20:44:57'),
(177, 'PL', 'Poland', 1, '0000-00-00 00:00:00', '2024-07-24 20:44:57'),
(178, 'PT', 'Portugal', 1, '0000-00-00 00:00:00', '2024-07-24 20:44:57'),
(179, 'PR', 'Puerto Rico', 1, '0000-00-00 00:00:00', '2024-07-24 20:44:57'),
(180, 'QA', 'Qatar', 1, '0000-00-00 00:00:00', '2024-07-24 20:44:57'),
(181, 'RE', 'Reunion', 1, '0000-00-00 00:00:00', '2024-07-24 20:44:57'),
(182, 'RO', 'Romania', 1, '0000-00-00 00:00:00', '2024-07-24 20:44:57'),
(183, 'RU', 'Russian Federation', 1, '0000-00-00 00:00:00', '2024-07-24 20:44:57'),
(184, 'RW', 'Rwanda', 1, '0000-00-00 00:00:00', '2024-07-24 20:44:57'),
(185, 'KN', 'Saint Kitts and Nevis', 1, '0000-00-00 00:00:00', '2024-07-24 20:44:57'),
(186, 'LC', 'Saint Lucia', 1, '0000-00-00 00:00:00', '2024-07-24 20:44:57'),
(187, 'VC', 'Saint Vincent and the Grenadines', 1, '0000-00-00 00:00:00', '2024-07-24 20:44:57'),
(188, 'WS', 'Samoa', 1, '0000-00-00 00:00:00', '2024-07-24 20:44:57'),
(189, 'SM', 'San Marino', 1, '0000-00-00 00:00:00', '2024-07-24 20:44:57'),
(190, 'ST', 'Sao Tome and Principe', 1, '0000-00-00 00:00:00', '2024-07-24 20:44:57'),
(191, 'SA', 'Saudi Arabia', 1, '0000-00-00 00:00:00', '2024-07-24 20:44:57'),
(192, 'SN', 'Senegal', 1, '0000-00-00 00:00:00', '2024-07-24 20:44:57'),
(193, 'RS', 'Serbia', 1, '0000-00-00 00:00:00', '2024-07-24 20:44:57'),
(194, 'SC', 'Seychelles', 1, '0000-00-00 00:00:00', '2024-07-24 20:44:57'),
(195, 'SL', 'Sierra Leone', 1, '0000-00-00 00:00:00', '2024-07-24 20:44:57'),
(196, 'SG', 'Singapore', 1, '0000-00-00 00:00:00', '2024-07-24 20:44:57'),
(197, 'SK', 'Slovakia', 1, '0000-00-00 00:00:00', '2024-07-24 20:44:57'),
(198, 'SI', 'Slovenia', 1, '0000-00-00 00:00:00', '2024-07-24 20:44:57'),
(199, 'SB', 'Solomon Islands', 1, '0000-00-00 00:00:00', '2024-07-24 20:44:57'),
(200, 'SO', 'Somalia', 1, '0000-00-00 00:00:00', '2024-07-24 20:44:57'),
(201, 'ZA', 'South Africa', 1, '0000-00-00 00:00:00', '2024-07-24 20:44:57'),
(202, 'GS', 'South Georgia South Sandwich Islands', 1, '0000-00-00 00:00:00', '2024-07-24 20:44:57'),
(203, 'SS', 'South Sudan', 1, '0000-00-00 00:00:00', '2024-07-24 20:44:57'),
(204, 'ES', 'Spain', 1, '0000-00-00 00:00:00', '2024-07-24 20:44:57'),
(205, 'LK', 'Sri Lanka', 1, '0000-00-00 00:00:00', '2024-07-24 20:44:57'),
(206, 'SH', 'St. Helena', 1, '0000-00-00 00:00:00', '2024-07-24 20:44:57'),
(207, 'PM', 'St. Pierre and Miquelon', 1, '0000-00-00 00:00:00', '2024-07-24 20:44:57'),
(208, 'SD', 'Sudan', 1, '0000-00-00 00:00:00', '2024-07-24 20:44:57'),
(209, 'SR', 'Suriname', 1, '0000-00-00 00:00:00', '2024-07-24 20:44:57'),
(210, 'SJ', 'Svalbard and Jan Mayen Islands', 1, '0000-00-00 00:00:00', '2024-07-24 20:44:57'),
(211, 'SZ', 'Eswatini', 1, '0000-00-00 00:00:00', '2024-07-24 20:44:57'),
(212, 'SE', 'Sweden', 1, '0000-00-00 00:00:00', '2024-07-24 20:44:57'),
(213, 'CH', 'Switzerland', 1, '0000-00-00 00:00:00', '2024-07-24 20:44:57'),
(214, 'SY', 'Syrian Arab Republic', 1, '0000-00-00 00:00:00', '2024-07-24 20:44:57'),
(215, 'TW', 'Taiwan', 1, '0000-00-00 00:00:00', '2024-07-24 20:44:57'),
(216, 'TJ', 'Tajikistan', 1, '0000-00-00 00:00:00', '2024-07-24 20:44:57'),
(217, 'TZ', 'Tanzania, United Republic of', 1, '0000-00-00 00:00:00', '2024-07-24 20:44:57'),
(218, 'TH', 'Thailand', 1, '0000-00-00 00:00:00', '2024-07-24 20:44:57'),
(219, 'TG', 'Togo', 1, '0000-00-00 00:00:00', '2024-07-24 20:44:57'),
(220, 'TK', 'Tokelau', 1, '0000-00-00 00:00:00', '2024-07-24 20:44:57'),
(221, 'TO', 'Tonga', 1, '0000-00-00 00:00:00', '2024-07-24 20:44:57'),
(222, 'TT', 'Trinidad and Tobago', 1, '0000-00-00 00:00:00', '2024-07-24 20:44:57'),
(223, 'TN', 'Tunisia', 1, '0000-00-00 00:00:00', '2024-07-24 20:44:57'),
(224, 'TR', 'Turkey', 1, '0000-00-00 00:00:00', '2024-07-24 20:44:57'),
(225, 'TM', 'Turkmenistan', 1, '0000-00-00 00:00:00', '2024-07-24 20:44:57'),
(226, 'TC', 'Turks and Caicos Islands', 1, '0000-00-00 00:00:00', '2024-07-24 20:44:57'),
(227, 'TV', 'Tuvalu', 1, '0000-00-00 00:00:00', '2024-07-24 20:44:57'),
(228, 'UG', 'Uganda', 1, '0000-00-00 00:00:00', '2024-07-24 20:44:57'),
(229, 'UA', 'Ukraine', 1, '0000-00-00 00:00:00', '2024-07-24 20:44:57'),
(230, 'AE', 'United Arab Emirates', 1, '0000-00-00 00:00:00', '2024-07-24 20:44:57'),
(231, 'GB', 'United Kingdom', 1, '0000-00-00 00:00:00', '2024-07-24 20:44:57'),
(232, 'US', 'United States', 1, '0000-00-00 00:00:00', '2024-07-24 20:44:57'),
(233, 'UM', 'United States minor outlying islands', 1, '0000-00-00 00:00:00', '2024-07-24 20:44:57'),
(234, 'UY', 'Uruguay', 1, '0000-00-00 00:00:00', '2024-07-24 20:44:57'),
(235, 'UZ', 'Uzbekistan', 1, '0000-00-00 00:00:00', '2024-07-24 20:44:57'),
(236, 'VU', 'Vanuatu', 1, '0000-00-00 00:00:00', '2024-07-24 20:44:57'),
(237, 'VA', 'Vatican City State', 1, '0000-00-00 00:00:00', '2024-07-24 20:44:57'),
(238, 'VE', 'Venezuela', 1, '0000-00-00 00:00:00', '2024-07-24 20:44:57'),
(239, 'VN', 'Vietnam', 1, '0000-00-00 00:00:00', '2024-07-24 20:44:57'),
(240, 'VG', 'Virgin Islands (British)', 1, '0000-00-00 00:00:00', '2024-07-24 20:44:57'),
(241, 'VI', 'Virgin Islands (U.S.)', 1, '0000-00-00 00:00:00', '2024-07-24 20:44:57'),
(242, 'WF', 'Wallis and Futuna Islands', 1, '0000-00-00 00:00:00', '2024-07-24 20:44:57'),
(243, 'EH', 'Western Sahara', 1, '0000-00-00 00:00:00', '2024-07-24 20:44:57'),
(244, 'YE', 'Yemen', 1, '0000-00-00 00:00:00', '2024-07-24 20:44:57'),
(245, 'ZM', 'Zambia', 1, '0000-00-00 00:00:00', '2024-07-24 20:44:57'),
(246, 'ZW', 'Zimbabwe', 1, '0000-00-00 00:00:00', '2024-07-24 20:44:57');

-- --------------------------------------------------------

--
-- Estructura de tabla para la tabla `coupons`
--

CREATE TABLE `coupons` (
  `id` bigint(20) UNSIGNED NOT NULL,
  `vendor_id` int(11) NOT NULL,
  `cupon_opcion` varchar(255) NOT NULL,
  `cupon_codigo` varchar(255) NOT NULL,
  `categories` text NOT NULL,
  `brands` text NOT NULL,
  `users` text NOT NULL,
  `cupon_tipo` varchar(255) NOT NULL,
  `amount_tipo` varchar(255) NOT NULL,
  `amount` double(8,2) NOT NULL,
  `fecha_caducidad` date NOT NULL,
  `status` tinyint(4) NOT NULL,
  `created_at` timestamp NULL DEFAULT NULL,
  `updated_at` timestamp NULL DEFAULT NULL
) ENGINE=InnoDB DEFAULT CHARSET=utf8mb4 COLLATE=utf8mb4_unicode_ci;

--
-- Volcado de datos para la tabla `coupons`
--

INSERT INTO `coupons` (`id`, `vendor_id`, `cupon_opcion`, `cupon_codigo`, `categories`, `brands`, `users`, `cupon_tipo`, `amount_tipo`, `amount`, `fecha_caducidad`, `status`, `created_at`, `updated_at`) VALUES
(1, 0, 'Automatic', 'uy6Jruhl', '1,6,11,12', '7,8', 'rocio55@gmail.com', 'Una Vez', 'Porcentaje', 5.00, '2024-09-04', 1, '2024-08-27 21:05:10', '2024-09-04 23:33:21'),
(2, 0, 'Manual', 'Masa12', '4,5,10', '1', 'ander4445@gmail.com', 'Una Vez', 'Porcentaje', 10.00, '2024-08-30', 1, '2024-08-27 21:07:04', '2024-08-28 03:16:18'),
(3, 3, 'Automatic', 'yYbgvlmP', '11,12', '8', 'rocio55@gmail.com', 'Varias Veces', 'Porcentaje', 10.00, '2024-09-04', 1, '2024-08-27 23:34:01', '2024-09-04 20:33:09'),
(4, 0, 'Automatic', 'r2Q1SeFd', '1,6', '7', 'mario_g12@gmail.com', 'Varias Veces', 'Porcentaje', 10.00, '2024-09-05', 1, '2024-09-02 16:23:44', '2024-09-02 16:23:44'),
(5, 0, 'Automatic', 'QBuUcBRz', '1,6', '7', 'mario_g12@gmail.com', 'Una Vez', 'Porcentaje', 10.00, '2024-09-04', 1, '2024-09-02 16:36:02', '2024-09-02 16:36:02'),
(6, 0, 'Automatic', 'lznaF0Kw', '1,6,2,11,12', '7,8', 'rocio55@gmail.com', 'Una Vez', 'Porcentaje', 5.00, '2024-09-04', 1, '2024-09-04 22:49:12', '2024-09-04 23:15:02'),
(7, 0, 'Automatic', 'YJ0jSLT3', '1,6,11,12', '7,8', 'micaela2012@gmail.com', 'Una Vez', 'Valor Fijo', 3.00, '2024-09-04', 1, '2024-09-05 04:31:27', '2024-09-05 04:57:09'),
(8, 0, 'Automatic', 'ib9Nxa0r', '1,6', '7', 'micaela2012@gmail.com', 'Una Vez', 'Valor Fijo', 2.00, '2024-09-05', 1, '2024-09-05 05:13:29', '2024-09-05 05:13:29');

-- --------------------------------------------------------

--
-- Estructura de tabla para la tabla `delivery_addresses`
--

CREATE TABLE `delivery_addresses` (
  `id` bigint(20) UNSIGNED NOT NULL,
  `user_id` int(11) NOT NULL,
  `nombre` varchar(255) NOT NULL,
  `direccion` varchar(255) NOT NULL,
  `ciudad` varchar(255) NOT NULL,
  `estado` varchar(255) NOT NULL,
  `pais` varchar(255) NOT NULL,
  `pincodigo` varchar(255) NOT NULL,
  `celular` varchar(255) NOT NULL,
  `status` tinyint(4) NOT NULL DEFAULT 1,
  `created_at` timestamp NULL DEFAULT NULL,
  `updated_at` timestamp NULL DEFAULT NULL
) ENGINE=InnoDB DEFAULT CHARSET=utf8mb4 COLLATE=utf8mb4_unicode_ci;

--
-- Volcado de datos para la tabla `delivery_addresses`
--

INSERT INTO `delivery_addresses` (`id`, `user_id`, `nombre`, `direccion`, `ciudad`, `estado`, `pais`, `pincodigo`, `celular`, `status`, `created_at`, `updated_at`) VALUES
(1, 4, 'Ander Flores', 'Ficoa', 'Ambato', 'Ficoa', 'Ecuador', '1001', '0987441225', 1, NULL, '2024-08-28 21:13:57'),
(2, 4, 'Ander Chaglla', 'Ficoa', 'Ambato', 'Ficoa', 'Peru', '200212', '0952653288', 1, NULL, '2024-08-30 15:41:12'),
(6, 3, 'Micaela Chaglla', 'Calle salamanca y pasaje jean', 'Ambato', 'Plaza de toros', 'Ecuador', '111111', '3333333333', 1, '2024-08-30 15:53:15', '2024-08-30 15:53:15'),
(7, 5, 'Mario Gomez', 'Simón Bolívar, josemirez y sambrano', 'Ambato', 'Huachi Loreto', 'Ecuador', '121211', '0975553358', 1, '2024-09-02 16:19:02', '2024-09-02 16:20:01'),
(9, 6, 'Rocio Cordova', 'Atocha', 'Ambato', 'Atocha', 'Ecuador', '180102', '0444444444', 1, '2024-09-03 23:37:40', '2024-09-03 23:37:40'),
(10, 8, 'Dilan Caiza', 'Santa Rosa calle principal', 'Ambato', 'Santa Rosa', 'Ecuador', '177777', '0988552220', 1, '2024-09-05 23:35:46', '2024-09-05 23:35:46'),
(11, 9, 'Manuel Chaglla', 'Plaza de toros, calle salamanca y pasaje jaen', 'Ambato', 'Huachi Chico', 'Ecuador', '1804452565', '0987445414', 1, '2024-12-01 19:48:15', '2024-12-01 19:48:15'),
(12, 11, 'Josefina Lascano', 'Calle salamanca y pasaje jean, Plaza de toros', 'Ambato', 'Huachi Chico', 'Ecuador', '1804477533', '0984343216', 1, '2024-12-06 21:16:05', '2024-12-06 21:16:05'),
(13, 12, 'Dilan Caiza', 'José Peralta, Santa Rosa', 'Ambato', 'Santa Rosa', 'Ecuador', '1850615061', '0987719490', 1, '2024-12-08 20:54:39', '2024-12-08 20:54:39');

-- --------------------------------------------------------

--
-- Estructura de tabla para la tabla `failed_jobs`
--

CREATE TABLE `failed_jobs` (
  `id` bigint(20) UNSIGNED NOT NULL,
  `uuid` varchar(255) NOT NULL,
  `connection` text NOT NULL,
  `queue` text NOT NULL,
  `payload` longtext NOT NULL,
  `exception` longtext NOT NULL,
  `failed_at` timestamp NOT NULL DEFAULT current_timestamp()
) ENGINE=InnoDB DEFAULT CHARSET=utf8mb4 COLLATE=utf8mb4_unicode_ci;

-- --------------------------------------------------------

--
-- Estructura de tabla para la tabla `migrations`
--

CREATE TABLE `migrations` (
  `id` int(10) UNSIGNED NOT NULL,
  `migration` varchar(255) NOT NULL,
  `batch` int(11) NOT NULL
) ENGINE=InnoDB DEFAULT CHARSET=utf8mb4 COLLATE=utf8mb4_unicode_ci;

--
-- Volcado de datos para la tabla `migrations`
--

INSERT INTO `migrations` (`id`, `migration`, `batch`) VALUES
(1, '2014_10_12_000000_create_users_table', 1),
(2, '2014_10_12_100000_create_password_resets_table', 1),
(3, '2019_08_19_000000_create_failed_jobs_table', 1),
(4, '2019_12_14_000001_create_personal_access_tokens_table', 1),
(5, '2024_07_13_150225_create_vendors_table', 2),
(6, '2024_07_13_151303_create_admins_table', 3),
(7, '2024_07_18_234558_create_vendors_business_details_table', 4),
(8, '2024_07_19_001403_create_vendors_bank_details', 5),
(9, '2024_07_25_195954_create_sections_table', 6),
(10, '2024_07_29_171424_create_categories_table', 7),
(11, '2024_07_31_214603_create_brands_table', 8),
(12, '2024_07_31_225039_create_products_table', 9),
(13, '2024_08_05_155302_create_products_attributes_table', 10),
(14, '2024_08_07_152304_create_products_images_table', 11),
(15, '2024_08_12_150850_create_banners_table', 12),
(16, '2024_08_12_184649_update_banners_table', 13),
(17, '2024_08_13_162207_update_products_table', 14),
(18, '2024_08_15_192615_create_products_filters_table', 15),
(19, '2024_08_15_192927_create_products_filters_values_table', 16),
(20, '2024_08_22_225043_create_recently_viewed_products_table', 17),
(21, '2024_08_23_045914_create_carts_table', 18),
(22, '2024_08_24_171206_add_columns_to_users', 19),
(23, '2024_08_26_230114_create_coupons_table', 20),
(24, '2024_08_27_233502_create_delivery_addresses_table', 21),
(25, '2024_08_28_210748_create_orders_table', 22),
(26, '2024_08_28_212446_create_orders_products_table', 23),
(27, '2024_08_30_143713_create_order_statuses_table', 24),
(28, '2024_08_30_185214_create_order_logs_table', 25),
(29, '2024_08_30_190656_create_orders_logs_table', 26),
(30, '2024_08_30_192316_update_orders_table', 27),
(31, '2024_09_03_101736_create_payments_table', 28),
(32, '2024_09_03_160834_create_shipping_charges_table', 29),
(33, '2024_09_03_193527_drop_column_from_shipping_charges_table', 30),
(34, '2024_09_05_155220_create_newsletter_subscribers_table', 30),
(35, '2024_09_05_184404_create_ratings_table', 31);

-- --------------------------------------------------------

--
-- Estructura de tabla para la tabla `newsletter_subscribers`
--

CREATE TABLE `newsletter_subscribers` (
  `id` bigint(20) UNSIGNED NOT NULL,
  `email` varchar(255) NOT NULL,
  `status` tinyint(4) NOT NULL,
  `created_at` timestamp NULL DEFAULT NULL,
  `updated_at` timestamp NULL DEFAULT NULL
) ENGINE=InnoDB DEFAULT CHARSET=utf8mb4 COLLATE=utf8mb4_unicode_ci;

--
-- Volcado de datos para la tabla `newsletter_subscribers`
--

INSERT INTO `newsletter_subscribers` (`id`, `email`, `status`, `created_at`, `updated_at`) VALUES
(1, 'rocio55@gmail.com', 1, '2024-09-05 21:56:41', '2024-09-05 21:23:41'),
(3, 'mario_g12@gmail.com', 1, '2024-09-05 21:53:57', '2024-09-05 21:53:57'),
(4, 'jose@gmail.com', 1, '2024-09-06 21:46:58', '2024-09-06 21:46:58');

-- --------------------------------------------------------

--
-- Estructura de tabla para la tabla `orders`
--

CREATE TABLE `orders` (
  `id` bigint(20) UNSIGNED NOT NULL,
  `user_id` int(11) NOT NULL,
  `nombre` varchar(255) NOT NULL,
  `direccion` varchar(255) NOT NULL,
  `ciudad` varchar(255) NOT NULL,
  `estado` varchar(255) NOT NULL,
  `pais` varchar(255) NOT NULL,
  `pincodigo` varchar(255) NOT NULL,
  `celular` varchar(255) NOT NULL,
  `email` varchar(255) NOT NULL,
  `shipping_charges` double(8,2) NOT NULL,
  `cupon_codigo` varchar(255) DEFAULT NULL,
  `cupon_amount` double(8,2) DEFAULT NULL,
  `order_status` varchar(255) NOT NULL,
  `payment_method` varchar(255) NOT NULL,
  `proceso_pago` varchar(255) NOT NULL,
  `total_general` double(8,2) NOT NULL,
  `nombre_mensajero` varchar(255) DEFAULT NULL,
  `numero_rastreo` varchar(255) DEFAULT NULL,
  `created_at` timestamp NULL DEFAULT NULL,
  `updated_at` timestamp NULL DEFAULT NULL
) ENGINE=InnoDB DEFAULT CHARSET=utf8mb4 COLLATE=utf8mb4_unicode_ci;

--
-- Volcado de datos para la tabla `orders`
--

INSERT INTO `orders` (`id`, `user_id`, `nombre`, `direccion`, `ciudad`, `estado`, `pais`, `pincodigo`, `celular`, `email`, `shipping_charges`, `cupon_codigo`, `cupon_amount`, `order_status`, `payment_method`, `proceso_pago`, `total_general`, `nombre_mensajero`, `numero_rastreo`, `created_at`, `updated_at`) VALUES
(1, 4, 'Ander Chaglla', 'Ficoa', 'Ambato', 'Ficoa', 'Peru', '2002', '0952653288', 'ander4445@gmail.com', 0.00, NULL, NULL, 'Nuevo', 'COD', 'COD', 540.00, '', '', '2024-08-29 19:46:14', '2024-08-30 22:38:11'),
(2, 4, 'Ander Flores', 'Ficoa', 'Ambato', 'Ficoa', 'Ecuador', '1001', '0987441225', 'ander4445@gmail.com', 0.00, NULL, NULL, 'Nuevo', 'COD', 'COD', 7.20, '', '', '2024-08-29 20:33:48', '2024-08-31 00:09:25'),
(3, 4, 'Ander Chaglla', 'Ficoa', 'Ambato', 'Ficoa', 'Peru', '2002', '0952653288', 'ander4445@gmail.com', 0.00, NULL, NULL, 'Nuevo', 'COD', 'COD', 38.00, '', '', '2024-08-29 21:32:07', '2024-08-30 23:42:25'),
(4, 4, 'Ander Chaglla', 'Ficoa', 'Ambato', 'Ficoa', 'Peru', '200212', '0952653288', 'ander4445@gmail.com', 0.00, NULL, NULL, 'Nuevo', 'COD', 'COD', 16.00, '', '', '2024-08-30 15:42:46', '2024-08-30 15:42:46'),
(5, 3, 'Micaela Chaglla', 'Calle salamanca y pasaje jean', 'Ambato', 'Plaza de toros', 'Ecuador', '111111', '3333333333', 'micaela2012@gmail.com', 0.00, NULL, NULL, 'Nuevo', 'COD', 'COD', 22.00, '', '', '2024-08-30 15:54:26', '2024-08-30 20:29:26'),
(7, 4, 'Ander Flores', 'Ficoa', 'Ambato', 'Ficoa', 'Ecuador', '1001', '0987441225', 'ander4445@gmail.com', 0.00, NULL, NULL, 'Nuevo', 'COD', 'COD', 7.20, '', '', '2024-08-30 20:39:43', '2024-08-30 20:39:43'),
(8, 4, 'Ander Chaglla', 'Ficoa', 'Ambato', 'Ficoa', 'Peru', '200212', '0952653288', 'ander4445@gmail.com', 0.00, NULL, NULL, 'Nuevo', 'COD', 'COD', 52.00, '', '', '2024-08-30 20:40:28', '2024-08-30 20:40:28'),
(9, 3, 'Micaela Chaglla', 'Calle salamanca y pasaje jean', 'Ambato', 'Plaza de toros', 'Ecuador', '111111', '3333333333', 'micaela2012@gmail.com', 0.00, NULL, NULL, 'Nuevo', 'COD', 'COD', 22.00, NULL, NULL, '2024-08-30 21:42:13', '2024-08-31 01:00:25'),
(10, 3, 'Micaela Chaglla', 'Calle salamanca y pasaje jean', 'Ambato', 'Plaza de toros', 'Ecuador', '111111', '3333333333', 'micaela2012@gmail.com', 0.00, NULL, NULL, 'Nuevo', 'COD', 'COD', 22.00, '', '', '2024-08-30 21:42:23', '2024-08-30 21:42:23'),
(11, 3, 'Micaela Chaglla', 'Calle salamanca y pasaje jean', 'Ambato', 'Plaza de toros', 'Ecuador', '111111', '3333333333', 'micaela2012@gmail.com', 0.00, NULL, NULL, 'Nuevo', 'COD', 'COD', 22.00, '', '', '2024-08-30 21:42:24', '2024-08-31 03:31:01'),
(12, 3, 'Micaela Chaglla', 'Calle salamanca y pasaje jean', 'Ambato', 'Plaza de toros', 'Ecuador', '111111', '3333333333', 'micaela2012@gmail.com', 0.00, NULL, NULL, 'Nuevo', 'COD', 'COD', 22.00, '', '', '2024-08-30 21:42:46', '2024-08-31 03:46:03'),
(13, 3, 'Micaela Chaglla', 'Calle salamanca y pasaje jean', 'Ambato', 'Plaza de toros', 'Ecuador', '111111', '3333333333', 'micaela2012@gmail.com', 0.00, NULL, NULL, 'Nuevo', 'COD', 'COD', 22.00, NULL, NULL, '2024-08-30 21:42:49', '2024-08-31 04:04:39'),
(14, 3, 'Micaela Chaglla', 'Calle salamanca y pasaje jean', 'Ambato', 'Plaza de toros', 'Ecuador', '111111', '3333333333', 'micaela2012@gmail.com', 0.00, 'nFG0H1kq', 5.00, 'Nuevo', 'COD', 'COD', 11.00, '', '', '2024-08-30 21:48:54', '2024-08-31 03:31:26'),
(15, 3, 'Micaela Chaglla', 'Calle salamanca y pasaje jean', 'Ambato', 'Plaza de toros', 'Ecuador', '111111', '3333333333', 'micaela2012@gmail.com', 0.00, NULL, NULL, 'Nuevo', 'COD', 'COD', 15.00, '', '', '2024-08-30 23:40:56', '2024-08-31 03:32:34'),
(16, 3, 'Micaela Chaglla', 'Calle salamanca y pasaje jean', 'Ambato', 'Plaza de toros', 'Ecuador', '111111', '3333333333', 'micaela2012@gmail.com', 0.00, NULL, NULL, 'Enviado', 'COD', 'COD', 540.00, 'Pedro Altamirano', '0984223456', '2024-08-31 03:34:31', '2024-08-31 05:13:44'),
(17, 3, 'Micaela Chaglla', 'Calle salamanca y pasaje jean', 'Ambato', 'Plaza de toros', 'Ecuador', '111111', '3333333333', 'micaela2012@gmail.com', 0.00, NULL, NULL, 'Nuevo', 'COD', 'COD', 7.20, NULL, NULL, '2024-09-02 15:50:37', '2024-09-02 15:50:37'),
(18, 3, 'Micaela Chaglla', 'Calle salamanca y pasaje jean', 'Ambato', 'Plaza de toros', 'Ecuador', '111111', '3333333333', 'micaela2012@gmail.com', 0.00, NULL, NULL, 'Nuevo', 'COD', 'COD', 44.00, NULL, NULL, '2024-09-02 16:01:57', '2024-09-02 16:01:57'),
(19, 5, 'Mario Gomez', 'Simón Bolívar, josemirez y sambrano', 'Ambato', 'Huachi Loreto', 'Ecuador', '121211', '0975553358', 'mario_g12@gmail.com', 0.00, NULL, NULL, 'Nuevo', 'COD', 'COD', 15.00, NULL, NULL, '2024-09-02 16:20:58', '2024-09-02 16:20:58'),
(20, 5, 'Mario Gomez', 'Simón Bolívar, josemirez y sambrano', 'Ambato', 'Huachi Loreto', 'Ecuador', '121211', '0975553358', 'mario_g12@gmail.com', 0.00, 'r2Q1SeFd', 2.20, 'Nuevo', 'COD', 'COD', 19.80, NULL, NULL, '2024-09-02 16:33:46', '2024-09-02 16:33:46'),
(21, 5, 'Mario Gomez', 'Simón Bolívar, josemirez y sambrano', 'Ambato', 'Huachi Loreto', 'Ecuador', '121211', '0975553358', 'mario_g12@gmail.com', 0.00, 'QBuUcBRz', 1.50, 'Nuevo', 'COD', 'COD', 13.50, NULL, NULL, '2024-09-02 16:41:06', '2024-09-02 16:41:06'),
(22, 5, 'Mario Gomez', 'Simón Bolívar, josemirez y sambrano', 'Ambato', 'Huachi Loreto', 'Ecuador', '121211', '0975553358', 'mario_g12@gmail.com', 0.00, NULL, NULL, 'Nuevo', 'COD', 'COD', 16.00, NULL, NULL, '2024-09-02 16:45:19', '2024-09-02 16:45:19'),
(23, 5, 'Mario Gomez', 'Simón Bolívar, josemirez y sambrano', 'Ambato', 'Huachi Loreto', 'Ecuador', '121211', '0975553358', 'mario_g12@gmail.com', 0.00, NULL, NULL, 'Pendiente', 'Pagado', 'Paypal', 405.00, NULL, NULL, '2024-09-02 17:34:45', '2024-09-02 17:34:45'),
(24, 5, 'Mario Gomez', 'Simón Bolívar, josemirez y sambrano', 'Ambato', 'Huachi Loreto', 'Ecuador', '121211', '0975553358', 'mario_g12@gmail.com', 0.00, NULL, NULL, 'Pendiente', 'Pagado', 'Paypal', 405.00, NULL, NULL, '2024-09-02 18:12:48', '2024-09-02 18:12:48'),
(25, 5, 'Mario Gomez', 'Simón Bolívar, josemirez y sambrano', 'Ambato', 'Huachi Loreto', 'Ecuador', '121211', '0975553358', 'mario_g12@gmail.com', 0.00, NULL, NULL, 'Pendiente', 'Pagado', 'Paypal', 405.00, NULL, NULL, '2024-09-03 15:44:58', '2024-09-03 15:44:58'),
(26, 5, 'Mario Gomez', 'Simón Bolívar, josemirez y sambrano', 'Ambato', 'Huachi Loreto', 'Ecuador', '121211', '0975553358', 'mario_g12@gmail.com', 0.00, NULL, NULL, 'Pendiente', 'Pagado', 'Paypal', 405.00, NULL, NULL, '2024-09-03 15:45:41', '2024-09-03 15:45:41'),
(27, 5, 'Mario Gomez', 'Simón Bolívar, josemirez y sambrano', 'Ambato', 'Huachi Loreto', 'Ecuador', '121211', '0975553358', 'mario_g12@gmail.com', 0.00, NULL, NULL, 'Pendiente', 'Pagado', 'Paypal', 405.00, NULL, NULL, '2024-09-03 15:46:20', '2024-09-03 15:46:20'),
(28, 5, 'Mario Gomez', 'Simón Bolívar, josemirez y sambrano', 'Ambato', 'Huachi Loreto', 'Ecuador', '121211', '0975553358', 'mario_g12@gmail.com', 0.00, NULL, NULL, 'Pendiente', 'Pagado', 'Paypal', 405.00, NULL, NULL, '2024-09-03 15:47:37', '2024-09-03 15:47:37'),
(29, 5, 'Mario Gomez', 'Simón Bolívar, josemirez y sambrano', 'Ambato', 'Huachi Loreto', 'Ecuador', '121211', '0975553358', 'mario_g12@gmail.com', 0.00, NULL, NULL, 'Pendiente', 'Pagado', 'Paypal', 405.00, NULL, NULL, '2024-09-03 15:51:06', '2024-09-03 15:51:06'),
(30, 5, 'Mario Gomez', 'Simón Bolívar, josemirez y sambrano', 'Ambato', 'Huachi Loreto', 'Ecuador', '121211', '0975553358', 'mario_g12@gmail.com', 0.00, NULL, NULL, 'Pendiente', 'Pagado', 'Paypal', 405.00, NULL, NULL, '2024-09-03 15:52:29', '2024-09-03 15:52:29'),
(31, 5, 'Mario Gomez', 'Simón Bolívar, josemirez y sambrano', 'Ambato', 'Huachi Loreto', 'Ecuador', '121211', '0975553358', 'mario_g12@gmail.com', 0.00, NULL, NULL, 'Pendiente', 'Pagado', 'Paypal', 405.00, NULL, NULL, '2024-09-03 15:54:30', '2024-09-03 15:54:30'),
(32, 5, 'Mario Gomez', 'Simón Bolívar, josemirez y sambrano', 'Ambato', 'Huachi Loreto', 'Ecuador', '121211', '0975553358', 'mario_g12@gmail.com', 0.00, NULL, NULL, 'Pendiente', 'Pagado', 'Paypal', 405.00, NULL, NULL, '2024-09-03 15:54:56', '2024-09-03 15:54:56'),
(33, 5, 'Mario Gomez', 'Simón Bolívar, josemirez y sambrano', 'Ambato', 'Huachi Loreto', 'Ecuador', '121211', '0975553358', 'mario_g12@gmail.com', 0.00, NULL, NULL, 'Pendiente', 'Pagado', 'Paypal', 405.00, NULL, NULL, '2024-09-03 16:07:49', '2024-09-03 16:07:49'),
(34, 5, 'Mario Gomez', 'Simón Bolívar, josemirez y sambrano', 'Ambato', 'Huachi Loreto', 'Ecuador', '121211', '0975553358', 'mario_g12@gmail.com', 0.00, NULL, NULL, 'Pagado', 'Pagado', 'Paypal', 405.00, NULL, NULL, '2024-09-03 16:40:44', '2024-09-03 16:41:18'),
(35, 6, 'Rocio Cordova', 'Atocha', 'Ambato', 'Atocha', 'Ecuador', '180102', '0444444444', 'rocio55@gmail.com', 2.00, NULL, NULL, 'Nuevo', 'COD', 'COD', 17.00, NULL, NULL, '2024-09-04 00:26:40', '2024-09-04 00:26:40'),
(36, 6, 'Rocio Cordova', 'Atocha', 'Ambato', 'Atocha', 'Ecuador', '180102', '0444444444', 'rocio55@gmail.com', 4.00, NULL, NULL, 'Nuevo', 'COD', 'COD', 38.00, NULL, NULL, '2024-09-04 01:56:18', '2024-09-04 01:56:18'),
(37, 6, 'Rocio Cordova', 'Atocha', 'Ambato', 'Atocha', 'Ecuador', '180102', '0444444444', 'rocio55@gmail.com', 4.00, 'yYbgvlmP', 2.20, 'Nuevo', 'COD', 'COD', 23.80, NULL, NULL, '2024-09-04 20:33:30', '2024-09-04 20:33:30'),
(38, 6, 'Rocio Cordova', 'Atocha', 'Ambato', 'Atocha', 'Ecuador', '180102', '0444444444', 'rocio55@gmail.com', 4.00, NULL, NULL, 'Nuevo', 'COD', 'COD', 26.00, NULL, NULL, '2024-09-04 21:43:16', '2024-09-04 21:43:16'),
(39, 6, 'Rocio Cordova', 'Atocha', 'Ambato', 'Atocha', 'Ecuador', '180102', '0444444444', 'rocio55@gmail.com', 2.50, NULL, NULL, 'Nuevo', 'COD', 'COD', 24.50, NULL, NULL, '2024-09-04 22:12:07', '2024-09-04 22:12:07'),
(40, 6, 'Rocio Cordova', 'Atocha', 'Ambato', 'Atocha', 'Ecuador', '180102', '0444444444', 'rocio55@gmail.com', 2.50, NULL, NULL, 'Nuevo', 'COD', 'COD', 68.50, NULL, NULL, '2024-09-04 22:34:50', '2024-09-04 22:34:50'),
(41, 6, 'Rocio Cordova', 'Atocha', 'Ambato', 'Atocha', 'Ecuador', '180102', '0444444444', 'rocio55@gmail.com', 2.50, NULL, NULL, 'Nuevo', 'COD', 'COD', 24.50, NULL, NULL, '2024-09-04 22:44:58', '2024-09-04 22:44:58'),
(42, 6, 'Rocio Cordova', 'Atocha', 'Ambato', 'Atocha', 'Ecuador', '180102', '0444444444', 'rocio55@gmail.com', 2.50, 'pR038T0h', 3.45, 'Nuevo', 'COD', 'COD', 68.05, NULL, NULL, '2024-09-04 23:11:50', '2024-09-04 23:11:50'),
(43, 6, 'Rocio Cordova', 'Atocha', 'Ambato', 'Atocha', 'Ecuador', '180102', '0444444444', 'rocio55@gmail.com', 2.50, 'lvOGD5qw', 5.00, 'Nuevo', 'COD', 'COD', 41.50, NULL, NULL, '2024-09-04 23:16:12', '2024-09-04 23:16:12'),
(44, 6, 'Rocio Cordova', 'Atocha', 'Ambato', 'Atocha', 'Ecuador', '180102', '0444444444', 'rocio55@gmail.com', 2.50, 'uy6Jruhl', 3.00, 'Nuevo', 'COD', 'COD', 59.50, NULL, NULL, '2024-09-04 23:35:26', '2024-09-04 23:35:26'),
(45, 3, 'Micaela Chaglla', 'Calle salamanca y pasaje jean', 'Ambato', 'Plaza de toros', 'Ecuador', '111111', '3333333333', 'micaela2012@gmail.com', 2.50, NULL, NULL, 'Nuevo', 'COD', 'COD', 62.50, NULL, NULL, '2024-09-05 04:18:00', '2024-09-05 04:18:00'),
(46, 3, 'Micaela Chaglla', 'Calle salamanca y pasaje jean', 'Ambato', 'Plaza de toros', 'Ecuador', '111111', '3333333333', 'micaela2012@gmail.com', 2.50, NULL, NULL, 'Nuevo', 'COD', 'COD', 46.50, NULL, NULL, '2024-09-05 04:27:32', '2024-09-05 04:27:32'),
(47, 3, 'Micaela Chaglla', 'Calle salamanca y pasaje jean', 'Ambato', 'Plaza de toros', 'Ecuador', '111111', '3333333333', 'micaela2012@gmail.com', 2.50, 'Eq8cWMhu', 3.00, 'Nuevo', 'COD', 'COD', 27.50, NULL, NULL, '2024-09-05 04:31:50', '2024-09-05 04:31:50'),
(48, 3, 'Micaela Chaglla', 'Calle salamanca y pasaje jean', 'Ambato', 'Plaza de toros', 'Ecuador', '111111', '3333333333', 'micaela2012@gmail.com', 2.50, NULL, NULL, 'Nuevo', 'COD', 'COD', 30.50, NULL, NULL, '2024-09-05 04:51:48', '2024-09-05 04:51:48'),
(49, 3, 'Micaela Chaglla', 'Calle salamanca y pasaje jean', 'Ambato', 'Plaza de toros', 'Ecuador', '111111', '3333333333', 'micaela2012@gmail.com', 2.50, 'YJ0jSLT3', 3.00, 'Nuevo', 'COD', 'COD', 43.50, NULL, NULL, '2024-09-05 04:57:58', '2024-09-05 04:57:58'),
(50, 3, 'Micaela Chaglla', 'Calle salamanca y pasaje jean', 'Ambato', 'Plaza de toros', 'Ecuador', '111111', '3333333333', 'micaela2012@gmail.com', 2.50, NULL, NULL, 'Nuevo', 'COD', 'COD', 17.50, NULL, NULL, '2024-09-05 05:10:40', '2024-09-05 05:10:40'),
(51, 3, 'Micaela Chaglla', 'Calle salamanca y pasaje jean', 'Ambato', 'Plaza de toros', 'Ecuador', '111111', '3333333333', 'micaela2012@gmail.com', 2.50, NULL, NULL, 'Nuevo', 'COD', 'COD', 40.50, NULL, NULL, '2024-09-05 05:11:53', '2024-09-05 05:11:53'),
(52, 3, 'Micaela Chaglla', 'Calle salamanca y pasaje jean', 'Ambato', 'Plaza de toros', 'Ecuador', '111111', '3333333333', 'micaela2012@gmail.com', 2.50, 'ib9Nxa0r', 2.00, 'Nuevo', 'COD', 'COD', 15.50, NULL, NULL, '2024-09-05 05:14:15', '2024-09-05 05:14:15'),
(53, 4, 'Ander Flores', 'Ficoa', 'Ambato', 'Ficoa', 'Ecuador', '1001', '0987441225', 'ander4445@gmail.com', 3.00, NULL, NULL, 'Nuevo', 'COD', 'COD', 23.00, NULL, NULL, '2024-09-05 22:57:43', '2024-09-05 22:57:43'),
(54, 4, 'Ander Flores', 'Ficoa', 'Ambato', 'Ficoa', 'Ecuador', '1001', '0987441225', 'ander4445@gmail.com', 3.00, NULL, NULL, 'Nuevo', 'COD', 'COD', 23.00, NULL, NULL, '2024-09-05 22:58:06', '2024-09-05 22:58:06'),
(55, 4, 'Ander Flores', 'Ficoa', 'Ambato', 'Ficoa', 'Ecuador', '1001', '0987441225', 'ander4445@gmail.com', 3.00, NULL, NULL, 'Nuevo', 'COD', 'COD', 23.00, NULL, NULL, '2024-09-05 22:58:36', '2024-09-05 22:58:36'),
(56, 4, 'Ander Chaglla', 'Ficoa', 'Ambato', 'Ficoa', 'Peru', '200212', '0952653288', 'ander4445@gmail.com', 0.00, NULL, NULL, 'Nuevo', 'COD', 'COD', 20.00, NULL, NULL, '2024-09-05 23:02:29', '2024-09-05 23:02:29'),
(57, 4, 'Ander Flores', 'Ficoa', 'Ambato', 'Ficoa', 'Ecuador', '1001', '0987441225', 'ander4445@gmail.com', 3.00, NULL, NULL, 'Nuevo', 'COD', 'COD', 23.00, NULL, NULL, '2024-09-05 23:03:38', '2024-09-05 23:03:38'),
(60, 4, 'Ander Chaglla', 'Ficoa', 'Ambato', 'Ficoa', 'Peru', '200212', '0952653288', 'ander4445@gmail.com', 0.00, NULL, NULL, 'Nuevo', 'COD', 'COD', 10.00, NULL, NULL, '2024-09-05 23:17:25', '2024-09-05 23:17:25'),
(61, 4, 'Ander Flores', 'Ficoa', 'Ambato', 'Ficoa', 'Ecuador', '1001', '0987441225', 'ander4445@gmail.com', 3.00, NULL, NULL, 'Nuevo', 'COD', 'COD', 25.00, NULL, NULL, '2024-09-05 23:19:08', '2024-09-05 23:19:08'),
(62, 4, 'Ander Flores', 'Ficoa', 'Ambato', 'Ficoa', 'Ecuador', '1001', '0987441225', 'ander4445@gmail.com', 3.00, NULL, NULL, 'Nuevo', 'COD', 'COD', 25.00, NULL, NULL, '2024-09-05 23:23:14', '2024-09-05 23:23:14'),
(63, 8, 'Dilan Caiza', 'Santa Rosa calle principal', 'Ambato', 'Santa Rosa', 'Ecuador', '177777', '0988552220', 'dilanc@gmail.com', 3.00, NULL, NULL, 'Nuevo', 'COD', 'COD', 13.00, NULL, NULL, '2024-09-05 23:35:54', '2024-09-05 23:35:54'),
(64, 3, 'Micaela Chaglla', 'Calle salamanca y pasaje jean', 'Ambato', 'Plaza de toros', 'Ecuador', '111111', '3333333333', 'micaela2012@gmail.com', 3.00, NULL, NULL, 'Nuevo', 'COD', 'COD', 439.00, NULL, NULL, '2024-11-26 18:39:36', '2024-11-26 18:39:36'),
(65, 9, 'Manuel Chaglla', 'Plaza de toros, calle salamanca y pasaje jaen', 'Ambato', 'Huachi Chico', 'Ecuador', '1804452565', '0987445414', 'manuelchaglla98@gmial.com', 3.00, NULL, NULL, 'En proceso', 'COD', 'COD', 59.00, NULL, NULL, '2024-12-01 19:48:31', '2024-12-01 19:55:37'),
(66, 9, 'Manuel Chaglla', 'Plaza de toros, calle salamanca y pasaje jaen', 'Ambato', 'Huachi Chico', 'Ecuador', '1804452565', '0987445414', 'manuelchaglla98@gmial.com', 3.00, NULL, NULL, 'Enviado', 'COD', 'COD', 70.00, NULL, NULL, '2024-12-02 13:26:43', '2024-12-02 13:34:24'),
(67, 9, 'Manuel Chaglla', 'Plaza de toros, calle salamanca y pasaje jaen', 'Ambato', 'Huachi Chico', 'Ecuador', '1804452565', '0987445414', 'manuelchaglla98@gmial.com', 3.00, NULL, NULL, 'Nuevo', 'TDB', 'TDB', 70.00, NULL, NULL, '2024-12-04 22:06:51', '2024-12-04 22:06:51'),
(68, 9, 'Manuel Chaglla', 'Plaza de toros, calle salamanca y pasaje jaen', 'Ambato', 'Huachi Chico', 'Ecuador', '1804452565', '0987445414', 'manuelchaglla98@gmial.com', 3.00, NULL, NULL, 'Nuevo', 'TDB', 'TDB', 70.00, NULL, NULL, '2024-12-04 22:15:38', '2024-12-04 22:15:38'),
(69, 9, 'Manuel Chaglla', 'Plaza de toros, calle salamanca y pasaje jaen', 'Ambato', 'Huachi Chico', 'Ecuador', '1804452565', '0987445414', 'manuelchaglla98@gmial.com', 3.00, NULL, NULL, 'Nuevo', 'TDB', 'TDB', 70.00, NULL, NULL, '2024-12-04 22:18:07', '2024-12-04 22:18:07'),
(70, 9, 'Manuel Chaglla', 'Plaza de toros, calle salamanca y pasaje jaen', 'Ambato', 'Huachi Chico', 'Ecuador', '1804452565', '0987445414', 'manuelchaglla98@gmial.com', 3.00, NULL, NULL, 'Nuevo', 'TDB', 'TDB', 49.00, NULL, NULL, '2024-12-04 22:26:00', '2024-12-04 22:26:00'),
(71, 9, 'Manuel Chaglla', 'Plaza de toros, calle salamanca y pasaje jaen', 'Ambato', 'Huachi Chico', 'Ecuador', '1804452565', '0987445414', 'manuelchaglla98@gmial.com', 3.00, NULL, NULL, 'Nuevo', 'TDB', 'TDB', 28.00, NULL, NULL, '2024-12-04 22:27:32', '2024-12-04 22:27:32'),
(72, 9, 'Manuel Chaglla', 'Plaza de toros, calle salamanca y pasaje jaen', 'Ambato', 'Huachi Chico', 'Ecuador', '1804452565', '0987445414', 'manuelchaglla98@gmial.com', 3.00, NULL, NULL, 'Nuevo', 'Pago Contra Entrega', 'COD', 19.00, NULL, NULL, '2024-12-04 23:14:16', '2024-12-04 23:14:16'),
(73, 9, 'Manuel Chaglla', 'Plaza de toros, calle salamanca y pasaje jaen', 'Ambato', 'Huachi Chico', 'Ecuador', '1804452565', '0987445414', 'manuelchaglla98@gmial.com', 3.00, NULL, NULL, 'Nuevo', 'Tranferencia/Deposito Bancario', 'TDB', 28.00, NULL, NULL, '2024-12-04 23:15:10', '2024-12-04 23:15:10'),
(74, 11, 'Josefina Lascano', 'Calle salamanca y pasaje jean, Plaza de toros', 'Ambato', 'Huachi Chico', 'Ecuador', '1804477533', '0984343216', 'papamanuel1956@gmail.com', 3.00, NULL, NULL, 'En proceso', 'Pago Contra Entrega', 'COD', 49.00, NULL, NULL, '2024-12-06 21:16:14', '2024-12-06 22:19:19'),
(75, 12, 'Dilan Caiza', 'José Peralta, Santa Rosa', 'Ambato', 'Santa Rosa', 'Ecuador', '1850615061', '0987719490', 'tigrebambino2008@gmail.com', 3.00, NULL, NULL, 'Nuevo', 'Pago Contra Entrega', 'COD', 70.00, NULL, NULL, '2024-12-08 20:55:36', '2024-12-08 20:55:36');

-- --------------------------------------------------------

--
-- Estructura de tabla para la tabla `orders_logs`
--

CREATE TABLE `orders_logs` (
  `id` bigint(20) UNSIGNED NOT NULL,
  `order_item_id` int(11) DEFAULT NULL,
  `order_id` int(11) NOT NULL,
  `order_status` varchar(255) NOT NULL,
  `created_at` timestamp NULL DEFAULT NULL,
  `updated_at` timestamp NULL DEFAULT NULL
) ENGINE=InnoDB DEFAULT CHARSET=utf8mb4 COLLATE=utf8mb4_unicode_ci;

--
-- Volcado de datos para la tabla `orders_logs`
--

INSERT INTO `orders_logs` (`id`, `order_item_id`, `order_id`, `order_status`, `created_at`, `updated_at`) VALUES
(1, 14, 13, 'Enviado', '2024-08-31 04:15:12', '2024-08-31 04:15:12'),
(2, NULL, 16, 'Pendiente', '2024-08-31 04:19:25', '2024-08-31 04:19:25'),
(3, 17, 16, 'Enviado', '2024-08-31 04:26:56', '2024-08-31 04:26:56'),
(4, NULL, 16, 'Enviado', '2024-08-31 04:37:37', '2024-08-31 04:37:37'),
(5, NULL, 16, 'Pendiente', '2024-08-31 04:55:29', '2024-08-31 04:55:29'),
(6, NULL, 16, 'Enviado', '2024-08-31 05:13:44', '2024-08-31 05:13:44'),
(7, 17, 16, 'Enviado', '2024-08-31 05:17:54', '2024-08-31 05:17:54'),
(8, 3, 3, 'Delivery', '2024-08-31 05:19:48', '2024-08-31 05:19:48'),
(9, 4, 3, 'En proceso', '2024-08-31 05:20:11', '2024-08-31 05:20:11'),
(10, 13, 12, 'En proceso', '2024-09-01 10:25:24', '2024-09-01 10:25:24'),
(11, 13, 12, 'En proceso', '2024-09-01 06:13:04', '2024-09-01 06:13:04'),
(12, 75, 65, 'En proceso', '2024-12-01 19:54:28', '2024-12-01 19:54:28'),
(13, NULL, 65, 'En proceso', '2024-12-01 19:55:37', '2024-12-01 19:55:37'),
(14, 76, 66, 'Pendiente', '2024-12-02 13:32:09', '2024-12-02 13:32:09'),
(15, NULL, 66, 'Pendiente', '2024-12-02 13:32:54', '2024-12-02 13:32:54'),
(16, 76, 66, 'Enviado', '2024-12-02 13:33:46', '2024-12-02 13:33:46'),
(17, NULL, 66, 'Enviado', '2024-12-02 13:34:24', '2024-12-02 13:34:24'),
(18, 84, 74, 'Pendiente', '2024-12-06 21:19:27', '2024-12-06 21:19:27'),
(19, NULL, 74, 'En proceso', '2024-12-06 21:24:39', '2024-12-06 21:24:39'),
(20, 84, 74, 'En proceso', '2024-12-06 21:25:54', '2024-12-06 21:25:54'),
(21, 84, 74, 'Enviado', '2024-12-06 21:27:33', '2024-12-06 21:27:33'),
(22, NULL, 74, 'Pagado', '2024-12-06 21:28:12', '2024-12-06 21:28:12'),
(23, 84, 74, 'Delivery', '2024-12-06 21:30:29', '2024-12-06 21:30:29'),
(24, 84, 74, 'Delivery', '2024-12-06 21:44:01', '2024-12-06 21:44:01'),
(25, 84, 74, 'Pendiente', '2024-12-06 22:07:59', '2024-12-06 22:07:59'),
(26, 84, 74, 'En Proceso', '2024-12-06 22:08:45', '2024-12-06 22:08:45'),
(27, NULL, 74, 'En proceso', '2024-12-06 22:19:19', '2024-12-06 22:19:19');

-- --------------------------------------------------------

--
-- Estructura de tabla para la tabla `orders_products`
--

CREATE TABLE `orders_products` (
  `id` bigint(20) UNSIGNED NOT NULL,
  `order_id` int(11) NOT NULL,
  `user_id` int(11) NOT NULL,
  `vendor_id` int(11) NOT NULL,
  `admin_id` int(11) NOT NULL,
  `product_id` int(11) NOT NULL,
  `producto_codigo` varchar(255) NOT NULL,
  `producto_nombre` varchar(255) NOT NULL,
  `producto_color` varchar(255) NOT NULL,
  `producto_tamano` varchar(255) NOT NULL,
  `producto_precio` double(8,2) NOT NULL,
  `producto_qty` int(11) NOT NULL,
  `item_status` varchar(255) DEFAULT NULL,
  `nombre_mensajero` varchar(255) DEFAULT NULL,
  `numero_rastreo` varchar(255) DEFAULT NULL,
  `created_at` timestamp NULL DEFAULT NULL,
  `updated_at` timestamp NULL DEFAULT NULL
) ENGINE=InnoDB DEFAULT CHARSET=utf8mb4 COLLATE=utf8mb4_unicode_ci;

--
-- Volcado de datos para la tabla `orders_products`
--

INSERT INTO `orders_products` (`id`, `order_id`, `user_id`, `vendor_id`, `admin_id`, `product_id`, `producto_codigo`, `producto_nombre`, `producto_color`, `producto_tamano`, `producto_precio`, `producto_qty`, `item_status`, `nombre_mensajero`, `numero_rastreo`, `created_at`, `updated_at`) VALUES
(1, 1, 4, 0, 1, 16, 'CHN01', 'Honor Five Lite', 'celeste', '64GB - 4GB', 540.00, 1, NULL, NULL, NULL, '2024-08-29 19:46:14', '2024-08-30 20:26:37'),
(2, 2, 4, 0, 1, 3, 'AS01', 'Audífonos', 'blanco', 'mediano', 7.20, 1, '', NULL, NULL, '2024-08-29 20:33:48', '2024-08-29 20:33:48'),
(3, 3, 4, 0, 1, 14, 'CAD01', 'Camiseta Algodón', 'verde', 'grande', 22.00, 1, 'Delivery', 'Jose Mijares', '111111111', '2024-08-29 21:32:07', '2024-08-31 05:19:48'),
(4, 3, 4, 0, 1, 4, 'CD01', 'Camiseta deportiva', 'rosado', 'pequeño', 16.00, 1, 'En proceso', 'Angel Parez', '2222222222', '2024-08-29 21:32:07', '2024-08-31 05:20:11'),
(5, 4, 4, 0, 1, 4, 'CD01', 'Camiseta deportiva', 'rosado', 'pequeño', 16.00, 1, '', NULL, NULL, '2024-08-30 15:42:46', '2024-08-30 15:42:46'),
(6, 5, 3, 3, 4, 19, 'RES001', 'Rosas Eternas con Soporte', 'amarillo', 'pequeno', 22.00, 1, NULL, NULL, NULL, '2024-08-30 15:54:26', '2024-08-30 20:29:32'),
(7, 7, 4, 0, 1, 3, 'AS01', 'Audífonos', 'blanco', 'mediano', 7.20, 1, NULL, NULL, NULL, '2024-08-30 20:39:44', '2024-08-30 20:39:44'),
(8, 8, 4, 3, 4, 19, 'RES001', 'Rosas Eternas con Soporte', 'amarillo', 'pequeno', 22.00, 2, NULL, NULL, NULL, '2024-08-30 20:40:28', '2024-08-30 20:41:47'),
(9, 8, 4, 0, 1, 6, 'CAZUL01', 'Camiseta Azul', 'azul', 'Pequeño', 8.00, 1, NULL, NULL, NULL, '2024-08-30 20:40:28', '2024-08-30 20:40:28'),
(10, 9, 3, 3, 4, 19, 'RES001', 'Rosas Eternas con Soporte', 'amarillo', 'pequeno', 22.00, 1, NULL, NULL, NULL, '2024-08-30 21:42:13', '2024-08-30 21:42:13'),
(11, 10, 3, 3, 4, 19, 'RES001', 'Rosas Eternas con Soporte', 'amarillo', 'pequeno', 22.00, 1, NULL, NULL, NULL, '2024-08-30 21:42:23', '2024-08-30 21:42:23'),
(12, 11, 3, 3, 4, 19, 'RES001', 'Rosas Eternas con Soporte', 'amarillo', 'pequeno', 22.00, 1, NULL, NULL, NULL, '2024-08-30 21:42:24', '2024-08-30 21:42:24'),
(13, 12, 3, 3, 4, 19, 'RES001', 'Rosas Eternas con Soporte', 'amarillo', 'pequeno', 22.00, 1, 'En proceso', 'Jose Mijares', '333333332', '2024-08-30 21:42:46', '2024-09-01 06:13:04'),
(14, 13, 3, 3, 4, 19, 'RES001', 'Rosas Eternas con Soporte', 'amarillo', 'pequeno', 22.00, 1, 'Enviado', 'Pepe Altamirano', '09842234', '2024-08-30 21:42:49', '2024-08-31 04:15:12'),
(15, 14, 3, 0, 1, 4, 'CD01', 'Camiseta deportiva', 'rosado', 'pequeño', 16.00, 1, NULL, NULL, NULL, '2024-08-30 21:48:54', '2024-08-30 21:48:54'),
(16, 15, 3, 0, 1, 1, 'RBJ01', 'Ramo Buchon', 'rojo', 'mediano', 15.00, 1, NULL, NULL, NULL, '2024-08-30 23:40:56', '2024-08-30 23:40:56'),
(17, 16, 3, 0, 1, 16, 'CHN01', 'Honor Five Lite', 'celeste', '64GB - 4GB', 540.00, 1, 'Enviado', 'Pepe Aatamirano', '0984223456', '2024-08-31 03:34:31', '2024-08-31 05:17:54'),
(18, 17, 3, 0, 1, 3, 'AS01', 'Audífonos', 'blanco', 'mediano', 7.20, 1, NULL, NULL, NULL, '2024-09-02 15:50:37', '2024-09-02 15:50:37'),
(19, 18, 3, 0, 1, 14, 'CAD01', 'Camiseta Algodón', 'verde', 'grande', 22.00, 2, NULL, NULL, NULL, '2024-09-02 16:01:57', '2024-09-02 16:01:57'),
(20, 19, 5, 0, 1, 15, 'CME01', 'Camiseta Estampada', 'rojo', 'mediano', 15.00, 1, NULL, NULL, NULL, '2024-09-02 16:20:58', '2024-09-02 16:20:58'),
(21, 20, 5, 0, 1, 14, 'CAD01', 'Camiseta Algodón', 'verde', 'grande', 22.00, 1, NULL, NULL, NULL, '2024-09-02 16:33:46', '2024-09-02 16:33:46'),
(22, 21, 5, 0, 1, 15, 'CME01', 'Camiseta Estampada', 'rojo', 'mediano', 15.00, 1, NULL, NULL, NULL, '2024-09-02 16:41:06', '2024-09-02 16:41:06'),
(23, 22, 5, 0, 1, 4, 'CD01', 'Camiseta deportiva', 'rosado', 'pequeño', 16.00, 1, NULL, NULL, NULL, '2024-09-02 16:45:19', '2024-09-02 16:45:19'),
(24, 23, 5, 0, 1, 18, 'CRX01', 'Redmi Xiaomi', 'celeste', '64GB - 4GB', 405.00, 1, NULL, NULL, NULL, '2024-09-02 17:34:45', '2024-09-02 17:34:45'),
(25, 24, 5, 0, 1, 18, 'CRX01', 'Redmi Xiaomi', 'celeste', '64GB - 4GB', 405.00, 1, NULL, NULL, NULL, '2024-09-02 18:12:48', '2024-09-02 18:12:48'),
(26, 25, 5, 0, 1, 18, 'CRX01', 'Redmi Xiaomi', 'celeste', '64GB - 4GB', 405.00, 1, NULL, NULL, NULL, '2024-09-03 15:44:58', '2024-09-03 15:44:58'),
(27, 26, 5, 0, 1, 18, 'CRX01', 'Redmi Xiaomi', 'celeste', '64GB - 4GB', 405.00, 1, NULL, NULL, NULL, '2024-09-03 15:45:41', '2024-09-03 15:45:41'),
(28, 27, 5, 0, 1, 18, 'CRX01', 'Redmi Xiaomi', 'celeste', '64GB - 4GB', 405.00, 1, NULL, NULL, NULL, '2024-09-03 15:46:20', '2024-09-03 15:46:20'),
(29, 28, 5, 0, 1, 18, 'CRX01', 'Redmi Xiaomi', 'celeste', '64GB - 4GB', 405.00, 1, NULL, NULL, NULL, '2024-09-03 15:47:37', '2024-09-03 15:47:37'),
(30, 29, 5, 0, 1, 18, 'CRX01', 'Redmi Xiaomi', 'celeste', '64GB - 4GB', 405.00, 1, NULL, NULL, NULL, '2024-09-03 15:51:06', '2024-09-03 15:51:06'),
(31, 30, 5, 0, 1, 18, 'CRX01', 'Redmi Xiaomi', 'celeste', '64GB - 4GB', 405.00, 1, NULL, NULL, NULL, '2024-09-03 15:52:29', '2024-09-03 15:52:29'),
(32, 31, 5, 0, 1, 18, 'CRX01', 'Redmi Xiaomi', 'celeste', '64GB - 4GB', 405.00, 1, NULL, NULL, NULL, '2024-09-03 15:54:30', '2024-09-03 15:54:30'),
(33, 32, 5, 0, 1, 18, 'CRX01', 'Redmi Xiaomi', 'celeste', '64GB - 4GB', 405.00, 1, NULL, NULL, NULL, '2024-09-03 15:54:56', '2024-09-03 15:54:56'),
(34, 33, 5, 0, 1, 18, 'CRX01', 'Redmi Xiaomi', 'celeste', '64GB - 4GB', 405.00, 1, NULL, NULL, NULL, '2024-09-03 16:07:49', '2024-09-03 16:07:49'),
(35, 34, 5, 0, 1, 18, 'CRX01', 'Redmi Xiaomi', 'celeste', '64GB - 4GB', 405.00, 1, NULL, NULL, NULL, '2024-09-03 16:40:44', '2024-09-03 16:40:44'),
(36, 35, 6, 0, 1, 1, 'RBJ01', 'Ramo Buchon', 'rojo', 'mediano', 15.00, 1, NULL, NULL, NULL, '2024-09-04 00:26:40', '2024-09-04 00:26:40'),
(37, 36, 6, 0, 1, 11, 'RPC01', 'Ramo Peluche', 'azul', '22 rosas', 34.00, 1, NULL, NULL, NULL, '2024-09-04 01:56:18', '2024-09-04 01:56:18'),
(38, 37, 6, 3, 4, 19, 'RES001', 'Rosas Eternas con Soporte', 'amarillo', 'pequeno', 22.00, 1, NULL, NULL, NULL, '2024-09-04 20:33:30', '2024-09-04 20:33:30'),
(39, 38, 6, 3, 4, 19, 'RES001', 'Rosas Eternas con Soporte', 'amarillo', 'pequeno', 22.00, 1, NULL, NULL, NULL, '2024-09-04 21:43:16', '2024-09-04 21:43:16'),
(40, 39, 6, 3, 4, 19, 'RES001', 'Rosas Eternas con Soporte', 'amarillo', 'pequeno', 22.00, 1, NULL, NULL, NULL, '2024-09-04 22:12:07', '2024-09-04 22:12:07'),
(41, 40, 6, 3, 4, 19, 'RES001', 'Rosas Eternas con Soporte', 'amarillo', '25 rosas', 38.00, 1, NULL, NULL, NULL, '2024-09-04 22:34:50', '2024-09-04 22:34:50'),
(42, 40, 6, 3, 4, 19, 'RES001', 'Rosas Eternas con Soporte', 'amarillo', '18 rosas', 28.00, 1, NULL, NULL, NULL, '2024-09-04 22:34:50', '2024-09-04 22:34:50'),
(43, 41, 6, 0, 1, 14, 'CAD01', 'Camiseta Algodón', 'verde', 'grande', 22.00, 1, NULL, NULL, NULL, '2024-09-04 22:44:58', '2024-09-04 22:44:58'),
(44, 42, 6, 0, 1, 4, 'CD01', 'Camiseta deportiva', 'rosado', 'pequeño', 16.00, 2, NULL, NULL, NULL, '2024-09-04 23:11:50', '2024-09-04 23:11:50'),
(45, 42, 6, 0, 1, 15, 'CME01', 'Camiseta Estampada', 'rojo', 'mediano', 15.00, 1, NULL, NULL, NULL, '2024-09-04 23:11:50', '2024-09-04 23:11:50'),
(46, 42, 6, 0, 1, 14, 'CAD01', 'Camiseta Algodón', 'verde', 'grande', 22.00, 1, NULL, NULL, NULL, '2024-09-04 23:11:50', '2024-09-04 23:11:50'),
(47, 43, 6, 3, 4, 19, 'RES001', 'Rosas Eternas con Soporte', 'amarillo', '18 rosas', 28.00, 1, NULL, NULL, NULL, '2024-09-04 23:16:12', '2024-09-04 23:16:12'),
(48, 43, 6, 0, 1, 4, 'CD01', 'Camiseta deportiva', 'rosado', 'pequeño', 16.00, 1, NULL, NULL, NULL, '2024-09-04 23:16:13', '2024-09-04 23:16:13'),
(49, 44, 6, 3, 4, 19, 'RES001', 'Rosas Eternas con Soporte', 'amarillo', '25 rosas', 38.00, 1, NULL, NULL, NULL, '2024-09-04 23:35:26', '2024-09-04 23:35:26'),
(50, 44, 6, 0, 1, 14, 'CAD01', 'Camiseta Algodón', 'verde', 'grande', 22.00, 1, NULL, NULL, NULL, '2024-09-04 23:35:26', '2024-09-04 23:35:26'),
(51, 45, 3, 3, 4, 19, 'RES001', 'Rosas Eternas con Soporte', 'amarillo', '25 rosas', 38.00, 1, NULL, NULL, NULL, '2024-09-05 04:18:00', '2024-09-05 04:18:00'),
(52, 45, 3, 0, 1, 14, 'CAD01', 'Camiseta Algodón', 'verde', 'grande', 22.00, 1, NULL, NULL, NULL, '2024-09-05 04:18:00', '2024-09-05 04:18:00'),
(53, 46, 3, 3, 4, 19, 'RES001', 'Rosas Eternas con Soporte', 'amarillo', '18 rosas', 28.00, 1, NULL, NULL, NULL, '2024-09-05 04:27:32', '2024-09-05 04:27:32'),
(54, 46, 3, 0, 1, 4, 'CD01', 'Camiseta deportiva', 'rosado', 'pequeño', 16.00, 1, NULL, NULL, NULL, '2024-09-05 04:27:32', '2024-09-05 04:27:32'),
(55, 47, 3, 3, 4, 19, 'RES001', 'Rosas Eternas con Soporte', 'amarillo', '18 rosas', 28.00, 1, NULL, NULL, NULL, '2024-09-05 04:31:50', '2024-09-05 04:31:50'),
(56, 48, 3, 3, 4, 19, 'RES001', 'Rosas Eternas con Soporte', 'amarillo', '18 rosas', 28.00, 1, NULL, NULL, NULL, '2024-09-05 04:51:48', '2024-09-05 04:51:48'),
(57, 49, 3, 0, 1, 4, 'CD01', 'Camiseta deportiva', 'rosado', 'pequeño', 16.00, 1, NULL, NULL, NULL, '2024-09-05 04:57:58', '2024-09-05 04:57:58'),
(58, 49, 3, 3, 4, 19, 'RES001', 'Rosas Eternas con Soporte', 'amarillo', '18 rosas', 28.00, 1, NULL, NULL, NULL, '2024-09-05 04:57:58', '2024-09-05 04:57:58'),
(59, 50, 3, 0, 1, 15, 'CME01', 'Camiseta Estampada', 'rojo', 'mediano', 15.00, 1, NULL, NULL, NULL, '2024-09-05 05:10:40', '2024-09-05 05:10:40'),
(60, 51, 3, 0, 1, 4, 'CD01', 'Camiseta deportiva', 'rosado', 'pequeño', 16.00, 1, NULL, NULL, NULL, '2024-09-05 05:11:53', '2024-09-05 05:11:53'),
(61, 51, 3, 0, 1, 14, 'CAD01', 'Camiseta Algodón', 'verde', 'grande', 22.00, 1, NULL, NULL, NULL, '2024-09-05 05:11:53', '2024-09-05 05:11:53'),
(62, 52, 3, 0, 1, 15, 'CME01', 'Camiseta Estampada', 'rojo', 'mediano', 15.00, 1, NULL, NULL, NULL, '2024-09-05 05:14:15', '2024-09-05 05:14:15'),
(63, 53, 4, 0, 1, 6, 'CAZUL01', 'Camiseta Azul', 'azul', 'Pequeño', 10.00, 2, NULL, NULL, NULL, '2024-09-05 22:57:43', '2024-09-05 22:57:43'),
(64, 54, 4, 0, 1, 6, 'CAZUL01', 'Camiseta Azul', 'azul', 'Pequeño', 10.00, 2, NULL, NULL, NULL, '2024-09-05 22:58:06', '2024-09-05 22:58:06'),
(65, 55, 4, 0, 1, 6, 'CAZUL01', 'Camiseta Azul', 'azul', 'Pequeño', 10.00, 2, NULL, NULL, NULL, '2024-09-05 22:58:36', '2024-09-05 22:58:36'),
(66, 56, 4, 0, 1, 6, 'CAZUL01', 'Camiseta Azul', 'azul', 'Pequeño', 10.00, 2, NULL, NULL, NULL, '2024-09-05 23:02:29', '2024-09-05 23:02:29'),
(67, 57, 4, 0, 1, 6, 'CAZUL01', 'Camiseta Azul', 'azul', 'Pequeño', 10.00, 2, NULL, NULL, NULL, '2024-09-05 23:03:38', '2024-09-05 23:03:38'),
(68, 60, 4, 0, 1, 6, 'CAZUL01', 'Camiseta Azul', 'azul', 'Pequeño', 10.00, 1, NULL, NULL, NULL, '2024-09-05 23:17:25', '2024-09-05 23:17:25'),
(69, 61, 4, 0, 1, 14, 'CAD01', 'Camiseta Algodón', 'verde', 'grande', 22.00, 1, NULL, NULL, NULL, '2024-09-05 23:19:08', '2024-09-05 23:19:08'),
(70, 62, 4, 0, 1, 14, 'CAD01', 'Camiseta Algodón', 'verde', 'grande', 22.00, 1, NULL, NULL, NULL, '2024-09-05 23:23:14', '2024-09-05 23:23:14'),
(71, 63, 8, 0, 1, 6, 'CAZUL01', 'Camiseta Azul', 'azul', 'Pequeño', 10.00, 1, NULL, NULL, NULL, '2024-09-05 23:35:54', '2024-09-05 23:35:54'),
(72, 64, 3, 0, 1, 18, 'CRX01', 'Redmi Xiaomi', 'celeste', '64GB - 4GB', 405.00, 1, NULL, NULL, NULL, '2024-11-26 18:39:36', '2024-11-26 18:39:36'),
(73, 64, 3, 0, 1, 15, 'CME01', 'Camiseta Estampada', 'rojo', 'mediano', 15.00, 1, NULL, NULL, NULL, '2024-11-26 18:39:36', '2024-11-26 18:39:36'),
(74, 64, 3, 0, 1, 4, 'CD01', 'Camiseta deportiva', 'rosado', 'pequeño', 16.00, 1, NULL, NULL, NULL, '2024-11-26 18:39:36', '2024-11-26 18:39:36'),
(75, 65, 9, 1, 2, 24, 'RE005', 'Ramo Conquista', 'Lila', '50 Rosas', 56.00, 1, 'En proceso', 'Carlos Miranda', '0984112322', '2024-12-01 19:48:31', '2024-12-01 19:54:28'),
(76, 66, 9, 1, 2, 25, 'RE006', 'Ramo SemiBuchon', 'Rojo y Blanco', '60 Rosas', 67.00, 1, 'Enviado', 'Pepe Altamirano', '0984223456', '2024-12-02 13:26:43', '2024-12-02 13:33:46'),
(77, 67, 9, 1, 2, 25, 'RE006', 'Ramo SemiBuchon', 'Rojo y Blanco', '60 Rosas', 67.00, 1, NULL, NULL, NULL, '2024-12-04 22:06:51', '2024-12-04 22:06:51'),
(78, 68, 9, 1, 2, 25, 'RE006', 'Ramo SemiBuchon', 'Rojo y Blanco', '60 Rosas', 67.00, 1, NULL, NULL, NULL, '2024-12-04 22:15:38', '2024-12-04 22:15:38'),
(79, 69, 9, 1, 2, 25, 'RE006', 'Ramo SemiBuchon', 'Rojo y Blanco', '60 Rosas', 67.00, 1, NULL, NULL, NULL, '2024-12-04 22:18:07', '2024-12-04 22:18:07'),
(80, 70, 9, 1, 2, 23, 'RE004', 'Ramo Sirena', 'Rojo', '40 Rosas', 46.00, 1, NULL, NULL, NULL, '2024-12-04 22:26:00', '2024-12-04 22:26:00'),
(81, 71, 9, 1, 2, 21, 'RE002', 'Ramo Amor', 'Rojo', '20 Rosas', 25.00, 1, NULL, NULL, NULL, '2024-12-04 22:27:32', '2024-12-04 22:27:32'),
(82, 72, 9, 1, 2, 20, 'RE001', 'Ramo Princesa', 'Blanco y Café', '10 Rosas', 16.00, 1, NULL, NULL, NULL, '2024-12-04 23:14:16', '2024-12-04 23:14:16'),
(83, 73, 9, 1, 2, 21, 'RE002', 'Ramo Amor', 'Rojo', '20 Rosas', 25.00, 1, NULL, NULL, NULL, '2024-12-04 23:15:10', '2024-12-04 23:15:10'),
(84, 74, 11, 1, 2, 23, 'RE004', 'Ramo Sirena', 'Rojo', '40 Rosas', 46.00, 1, 'En Proceso', 'Lenin Flores', '0983702164', '2024-12-06 21:16:14', '2024-12-06 22:08:45'),
(85, 75, 12, 1, 2, 25, 'RE006', 'Ramo SemiBuchon', 'Rojo y Blanco', '60 Rosas', 67.00, 1, NULL, NULL, NULL, '2024-12-08 20:55:36', '2024-12-08 20:55:36');

-- --------------------------------------------------------

--
-- Estructura de tabla para la tabla `order_item_statuses`
--

CREATE TABLE `order_item_statuses` (
  `id` bigint(20) UNSIGNED NOT NULL,
  `nombre` varchar(255) NOT NULL,
  `status` tinyint(4) NOT NULL,
  `created_at` timestamp NULL DEFAULT NULL,
  `updated_at` timestamp NULL DEFAULT NULL
) ENGINE=InnoDB DEFAULT CHARSET=utf8mb4 COLLATE=utf8mb4_unicode_ci;

--
-- Volcado de datos para la tabla `order_item_statuses`
--

INSERT INTO `order_item_statuses` (`id`, `nombre`, `status`, `created_at`, `updated_at`) VALUES
(1, 'Pendiente', 1, NULL, NULL),
(2, 'En Proceso', 1, NULL, NULL),
(3, 'Enviado por Delivery', 1, NULL, NULL),
(4, 'Producto Entregado', 1, NULL, NULL);

-- --------------------------------------------------------

--
-- Estructura de tabla para la tabla `order_statuses`
--

CREATE TABLE `order_statuses` (
  `id` bigint(20) UNSIGNED NOT NULL,
  `nombre` varchar(255) NOT NULL,
  `status` tinyint(4) NOT NULL,
  `created_at` timestamp NULL DEFAULT NULL,
  `updated_at` timestamp NULL DEFAULT NULL
) ENGINE=InnoDB DEFAULT CHARSET=utf8mb4 COLLATE=utf8mb4_unicode_ci;

--
-- Volcado de datos para la tabla `order_statuses`
--

INSERT INTO `order_statuses` (`id`, `nombre`, `status`, `created_at`, `updated_at`) VALUES
(1, 'Nuevo', 1, NULL, NULL),
(2, 'Pendiente', 1, NULL, NULL),
(3, 'Cancelado', 1, NULL, NULL),
(4, 'En proceso', 1, NULL, NULL),
(5, 'Enviado Por Delivery', 1, NULL, NULL),
(9, 'Pagado', 1, NULL, NULL);

-- --------------------------------------------------------

--
-- Estructura de tabla para la tabla `password_resets`
--

CREATE TABLE `password_resets` (
  `email` varchar(255) NOT NULL,
  `token` varchar(255) NOT NULL,
  `created_at` timestamp NULL DEFAULT NULL
) ENGINE=InnoDB DEFAULT CHARSET=utf8mb4 COLLATE=utf8mb4_unicode_ci;

-- --------------------------------------------------------

--
-- Estructura de tabla para la tabla `payments`
--

CREATE TABLE `payments` (
  `id` bigint(20) UNSIGNED NOT NULL,
  `order_id` int(11) NOT NULL,
  `user_id` int(11) NOT NULL,
  `payment_id` varchar(255) NOT NULL,
  `payer_id` varchar(255) NOT NULL,
  `payer_email` varchar(255) NOT NULL,
  `amount` double(10,2) NOT NULL,
  `currency` varchar(255) NOT NULL,
  `payment_status` varchar(255) NOT NULL,
  `created_at` timestamp NULL DEFAULT NULL,
  `updated_at` timestamp NULL DEFAULT NULL
) ENGINE=InnoDB DEFAULT CHARSET=utf8mb4 COLLATE=utf8mb4_unicode_ci;

--
-- Volcado de datos para la tabla `payments`
--

INSERT INTO `payments` (`id`, `order_id`, `user_id`, `payment_id`, `payer_id`, `payer_email`, `amount`, `currency`, `payment_status`, `created_at`, `updated_at`) VALUES
(1, 33, 5, 'PAYID-M3LTLHY0GT74716R26885640', 'V9NR3YHFXUV4A', 'sb-cr0yb32520364@personal.example.com', 405.00, 'USD', 'approved', '2024-09-03 16:13:33', '2024-09-03 16:13:33'),
(2, 34, 5, 'PAYID-M3LTYDQ2F613989KU7663130', 'V9NR3YHFXUV4A', 'sb-cr0yb32520364@personal.example.com', 405.00, 'USD', 'approved', '2024-09-03 16:41:18', '2024-09-03 16:41:18');

-- --------------------------------------------------------

--
-- Estructura de tabla para la tabla `personal_access_tokens`
--

CREATE TABLE `personal_access_tokens` (
  `id` bigint(20) UNSIGNED NOT NULL,
  `tokenable_type` varchar(255) NOT NULL,
  `tokenable_id` bigint(20) UNSIGNED NOT NULL,
  `name` varchar(255) NOT NULL,
  `token` varchar(64) NOT NULL,
  `abilities` text DEFAULT NULL,
  `last_used_at` timestamp NULL DEFAULT NULL,
  `expires_at` timestamp NULL DEFAULT NULL,
  `created_at` timestamp NULL DEFAULT NULL,
  `updated_at` timestamp NULL DEFAULT NULL
) ENGINE=InnoDB DEFAULT CHARSET=utf8mb4 COLLATE=utf8mb4_unicode_ci;

-- --------------------------------------------------------

--
-- Estructura de tabla para la tabla `products`
--

CREATE TABLE `products` (
  `id` bigint(20) UNSIGNED NOT NULL,
  `section_id` int(11) NOT NULL,
  `category_id` int(11) NOT NULL,
  `brand_id` int(11) NOT NULL,
  `vendor_id` int(11) NOT NULL,
  `admin_id` int(11) NOT NULL,
  `admin_tipo` varchar(255) NOT NULL,
  `producto_nombre` varchar(255) NOT NULL,
  `producto_codigo` varchar(255) NOT NULL,
  `producto_color` varchar(255) NOT NULL,
  `producto_precio` float NOT NULL,
  `producto_descuento` int(255) NOT NULL,
  `producto_peso` int(255) NOT NULL,
  `producto_image` varchar(255) DEFAULT NULL,
  `producto_video` varchar(255) DEFAULT NULL,
  `grupo_codigo` varchar(255) DEFAULT NULL,
  `descripcion` text DEFAULT NULL,
  `sistema_operativo` varchar(255) DEFAULT NULL,
  `tamaño_pantalla` varchar(255) DEFAULT NULL,
  `eternas` varchar(255) DEFAULT NULL,
  `ram` varchar(255) DEFAULT NULL,
  `ocasión` varchar(255) DEFAULT NULL,
  `adaptación` varchar(255) DEFAULT NULL,
  `patrón` varchar(255) DEFAULT NULL,
  `mangas` varchar(255) DEFAULT NULL,
  `tela` varchar(255) DEFAULT NULL,
  `meta_titulo` varchar(255) DEFAULT NULL,
  `meta_descripcion` varchar(255) DEFAULT NULL,
  `meta_palabraclave` varchar(255) DEFAULT NULL,
  `es_destacada` enum('No','Si') NOT NULL,
  `is_bestseller` enum('No','Si') NOT NULL,
  `status` tinyint(4) NOT NULL,
  `created_at` timestamp NULL DEFAULT NULL,
  `updated_at` timestamp NULL DEFAULT NULL
) ENGINE=InnoDB DEFAULT CHARSET=utf8mb4 COLLATE=utf8mb4_unicode_ci;

--
-- Volcado de datos para la tabla `products`
--

INSERT INTO `products` (`id`, `section_id`, `category_id`, `brand_id`, `vendor_id`, `admin_id`, `admin_tipo`, `producto_nombre`, `producto_codigo`, `producto_color`, `producto_precio`, `producto_descuento`, `producto_peso`, `producto_image`, `producto_video`, `grupo_codigo`, `descripcion`, `sistema_operativo`, `tamaño_pantalla`, `eternas`, `ram`, `ocasión`, `adaptación`, `patrón`, `mangas`, `tela`, `meta_titulo`, `meta_descripcion`, `meta_palabraclave`, `es_destacada`, `is_bestseller`, `status`, `created_at`, `updated_at`) VALUES
(1, 3, 12, 8, 0, 1, 'superadmin', 'Ramo Buchon', 'RBJ01', 'rojo', 45, 0, 30, '1722889731.jpg', '46813.mp4', '', 'Ramo Buchon', NULL, NULL, NULL, NULL, NULL, NULL, NULL, NULL, NULL, 'Ramo Buchon', 'Ramo Buchon', 'Ramo Buchon', 'Si', 'Si', 1, NULL, '2024-08-22 10:44:28'),
(2, 1, 6, 7, 0, 1, 'superadmin', 'Camiseta personalizada', 'CAH01', 'negra', 27, 10, 20, '1723564476.jpg', '', '', 'Camiseta personalizada', NULL, NULL, NULL, NULL, NULL, NULL, NULL, 'Manga Completa', 'Poliéster', 'Camiseta personalizada', 'Camiseta personalizada', 'Camiseta personalizada', 'Si', 'No', 1, '2024-08-03 23:57:24', '2024-08-19 22:24:20'),
(3, 2, 10, 2, 0, 1, 'superadmin', 'Audífonos', 'AS01', 'blanco', 28, 10, 20, '1723564042.jpeg', NULL, '', 'Audífonos', NULL, NULL, NULL, '4 GB', NULL, NULL, NULL, NULL, NULL, 'Audífonos', 'Audífonos', 'Audífonos', 'Si', 'No', 1, '2024-08-03 23:59:41', '2024-08-21 02:08:18'),
(4, 1, 6, 7, 0, 1, 'superadmin', 'Camiseta deportiva', 'CD01', 'rosado', 18, 0, 20, '1723564457.jpg', '', NULL, 'deportivo', NULL, NULL, NULL, NULL, NULL, NULL, NULL, 'Manga Corta', 'Poliéster', 'deportivo', 'deportivo', 'deportivo', 'No', 'Si', 1, '2024-08-05 20:19:17', '2024-09-05 07:01:42'),
(6, 1, 13, 7, 0, 1, 'superadmin', 'Camiseta Azul', 'CAZUL01', 'azul', 20, 0, 0, '1723562739.jpg', NULL, '100', NULL, NULL, NULL, NULL, NULL, NULL, NULL, NULL, NULL, 'Algodón', '', '', '', 'No', 'No', 1, '2024-08-13 20:25:39', '2024-08-23 10:06:09'),
(7, 1, 13, 7, 0, 1, 'superadmin', 'Camiseta Verde', 'CVRD01', 'verde', 20, 5, 0, '1723562933.jpg', NULL, '100', NULL, NULL, NULL, NULL, NULL, NULL, NULL, NULL, NULL, 'Lana', '', '', '', 'No', 'No', 1, '2024-08-13 20:28:53', '2024-08-23 10:07:41'),
(8, 1, 8, 7, 0, 1, 'superadmin', 'Busos N', 'BSN01', 'negro', 25, 0, 0, '1723667769.jpeg', NULL, '', 'busosN', NULL, NULL, NULL, NULL, NULL, NULL, NULL, NULL, NULL, 'busosN', 'busosN', 'busosN', 'Si', 'No', 1, '2024-08-15 01:36:09', '2024-08-15 01:36:09'),
(9, 1, 8, 7, 0, 1, 'superadmin', 'Busos Niños', 'BSN02', 'rojo', 25, 0, 0, '1723667951.jpeg', NULL, '', 'busos térmicos para niños color rojo', NULL, NULL, NULL, NULL, NULL, NULL, NULL, NULL, NULL, 'busosN', 'busosN', 'busosN', 'No', 'No', 1, '2024-08-15 01:39:11', '2024-08-15 01:50:55'),
(10, 3, 12, 8, 0, 1, 'superadmin', 'Ramo Personalizado', 'RP01', 'tomate', 22, 0, 0, '1723740953.jpg', NULL, '', 'Ramo personalizado', NULL, NULL, NULL, NULL, NULL, NULL, NULL, NULL, NULL, 'ramoP', 'ramoP', 'ramoP', 'Si', 'Si', 1, '2024-08-15 21:55:53', '2024-08-15 21:55:53'),
(11, 3, 12, 8, 0, 1, 'superadmin', 'Ramo Peluche', 'RPC01', 'azul', 45, 0, 0, '1723741023.jpg', NULL, '', 'Ramo buchón con Peluche', NULL, NULL, NULL, NULL, NULL, NULL, NULL, NULL, NULL, 'ramoPL', 'ramoPL', 'ramoPL', 'No', 'No', 1, '2024-08-15 21:57:03', '2024-09-04 02:21:29'),
(12, 3, 12, 8, 0, 1, 'superadmin', 'Ramo Corazón', 'RMC01', 'rojo', 22, 0, 0, '1723741107.jpg', NULL, '', 'Ramo en forma de corazón', NULL, NULL, NULL, NULL, NULL, NULL, NULL, NULL, NULL, 'ramoC', 'ramoC', 'ramoC', 'Si', 'Si', 1, '2024-08-15 21:58:27', '2024-08-15 21:58:27'),
(13, 3, 12, 8, 0, 1, 'superadmin', 'Ramo Barón', 'RMB01', 'azul', 58, 0, 0, '1723741282.jpg', NULL, '', 'Ramo con Gorra para Hombre', NULL, NULL, '50 rosas', NULL, NULL, NULL, NULL, NULL, NULL, 'ramoB', 'ramoB', 'ramoB', 'Si', 'Si', 1, '2024-08-15 22:01:22', '2024-08-19 22:38:09'),
(14, 1, 6, 7, 0, 1, 'superadmin', 'Camiseta Algodón', 'CAD01', 'verde', 18, 0, 0, '1733330041.jpeg', NULL, NULL, 'camiseta con algodón', NULL, NULL, NULL, NULL, NULL, NULL, NULL, NULL, NULL, '', '', '', 'No', 'No', 1, '2024-08-15 22:07:15', '2024-12-04 16:34:01'),
(15, 1, 6, 7, 0, 1, 'superadmin', 'Camiseta Estampada', 'CME01', 'rojo', 12, 0, 0, '1723741689.jpg', NULL, NULL, 'Camiseta elegante de color rojo para vestir', NULL, NULL, NULL, NULL, NULL, NULL, NULL, 'Manga Corta', 'Lana', 'camisetas de hombre', 'gran variedad de camisetas para hombre', 'camisetas de hombre, algodon, manga corta', 'Si', 'Si', 1, '2024-08-15 22:08:09', '2024-09-05 06:10:46'),
(16, 2, 4, 1, 0, 1, 'superadmin', 'Honor Five Lite', 'CHN01', 'celeste', 300, 10, 0, '1723915745.jpg', NULL, NULL, NULL, 'Android', NULL, NULL, '8 GB', NULL, NULL, NULL, NULL, NULL, 'celularesH', 'celularesH', 'celularesH', 'No', 'Si', 1, '2024-08-17 22:29:05', '2024-09-05 07:07:47'),
(17, 1, 6, 7, 0, 1, 'superadmin', 'Camiseta Deportiva', 'CD02', 'rosado', 22, 0, 0, '1724088641.jpg', NULL, '', NULL, NULL, NULL, NULL, NULL, NULL, NULL, NULL, 'Manga Completa', 'Poliéster', '', '', '', 'No', 'No', 1, '2024-08-19 22:30:41', '2024-08-19 22:30:58'),
(18, 2, 4, 1, 0, 1, 'superadmin', 'Redmi Xiaomi', 'CRX01', 'celeste', 420, 0, 0, '1724173134.jpeg', NULL, '', NULL, 'Android', NULL, NULL, '8 GB', NULL, NULL, NULL, NULL, NULL, 'redmiX', 'redmiX', 'redmiX', 'Si', 'No', 1, '2024-08-20 21:58:54', '2024-08-21 02:08:06'),
(20, 3, 12, 8, 1, 2, 'vendedor', 'Ramo Princesa', 'RE001', 'Blanco y Café', 16, 0, 0, '1733080028.jpg', NULL, NULL, 'Ramo hermoso contiene una corona y dos mariposas listo para tu ocasión favorita', NULL, NULL, '10 rosas', NULL, NULL, NULL, NULL, NULL, NULL, '10rosas', '10rosas', '10rosas', 'No', 'No', 1, '2024-12-01 19:07:08', '2024-12-01 19:07:08'),
(21, 3, 12, 8, 1, 2, 'vendedor', 'Ramo Amor', 'RE002', 'Rojo', 25, 0, 0, '1733080623.jpg', NULL, NULL, NULL, NULL, NULL, '20 rosas', NULL, NULL, NULL, NULL, NULL, NULL, 'RamoAmor', 'RamoAmor', 'RamoAmor', 'No', 'Si', 1, '2024-12-01 19:17:04', '2024-12-01 19:17:04'),
(22, 3, 12, 8, 1, 2, 'vendedor', 'Ramo Bicolor', 'RE003', 'Rosado y Lila', 37, 5, 0, '1733080740.jpg', NULL, NULL, NULL, NULL, NULL, '30 rosas', NULL, NULL, NULL, NULL, NULL, NULL, 'RamoBicolor', 'RamoBicolor', 'RamoBicolor', 'No', 'No', 1, '2024-12-01 19:19:00', '2024-12-01 19:19:00'),
(23, 3, 12, 8, 1, 2, 'vendedor', 'Ramo Sirena', 'RE004', 'Rojo', 46, 0, 0, '1733080973.jpg', NULL, NULL, NULL, NULL, NULL, '40 rosas', NULL, NULL, NULL, NULL, NULL, NULL, 'RamoSirena', 'RamoSirena', 'RamoSirena', 'No', 'Si', 1, '2024-12-01 19:22:53', '2024-12-01 19:22:53'),
(24, 3, 12, 8, 1, 2, 'vendedor', 'Ramo Conquista', 'RE005', 'Lila', 56, 0, 0, '1733081072.jpg', NULL, NULL, NULL, NULL, NULL, '50 rosas', NULL, NULL, NULL, NULL, NULL, NULL, 'RamoConquista', 'RamoConquista', 'RamoConquista', 'Si', 'No', 1, '2024-12-01 19:24:32', '2024-12-01 19:24:32'),
(25, 3, 12, 8, 1, 2, 'vendedor', 'Ramo SemiBuchon', 'RE006', 'Rojo y Blanco', 67, 0, 0, '1733081251.jpg', NULL, NULL, NULL, NULL, NULL, '60 rosas', NULL, NULL, NULL, NULL, NULL, NULL, 'RamoSemiBuchon', 'RamoSemiBuchon', 'RamoSemiBuchon', 'No', 'No', 1, '2024-12-01 19:27:31', '2024-12-01 19:27:31'),
(26, 2, 5, 10, 4, 5, 'vendedor', 'Huawei MediaPad M3', 'TCH001', 'Blanco', 349, 0, 0, '1733333929.jpg', NULL, NULL, NULL, 'Android', '8 Pulgadas', NULL, '32 GB', NULL, NULL, NULL, NULL, NULL, '', '', '', 'No', 'No', 1, '2024-12-04 16:31:27', '2024-12-04 17:38:49'),
(27, 2, 10, 11, 4, 5, 'vendedor', 'Auriculares Inalámabricos XTech', 'AU001', 'Negro', 23, 0, 0, '1733334848.jpg', NULL, NULL, NULL, 'Ninguna', NULL, NULL, 'Ninguna', NULL, NULL, NULL, NULL, NULL, '', '', '', 'No', 'No', 1, '2024-12-04 17:54:08', '2024-12-04 17:54:08');

-- --------------------------------------------------------

--
-- Estructura de tabla para la tabla `products_attributes`
--

CREATE TABLE `products_attributes` (
  `id` bigint(20) UNSIGNED NOT NULL,
  `product_id` int(11) NOT NULL,
  `tamano` varchar(255) NOT NULL,
  `precio` double(8,2) NOT NULL,
  `stock` int(11) NOT NULL,
  `referencia` varchar(255) NOT NULL,
  `status` tinyint(4) NOT NULL,
  `created_at` timestamp NULL DEFAULT NULL,
  `updated_at` timestamp NULL DEFAULT NULL
) ENGINE=InnoDB DEFAULT CHARSET=utf8mb4 COLLATE=utf8mb4_unicode_ci;

--
-- Volcado de datos para la tabla `products_attributes`
--

INSERT INTO `products_attributes` (`id`, `product_id`, `tamano`, `precio`, `stock`, `referencia`, `status`, `created_at`, `updated_at`) VALUES
(1, 4, 'pequeño', 16.00, 3, 'talla small', 1, '2024-08-07 02:17:00', '2024-11-26 18:39:36'),
(2, 4, 'mediano', 18.00, 10, 'talla mediano', 1, '2024-08-07 02:17:00', '2024-08-22 11:07:21'),
(3, 4, 'grande', 21.00, 0, 'talla grande', 1, '2024-08-07 02:17:00', '2024-08-22 11:07:21'),
(4, 3, 'mediano', 8.00, 11, 'AUDI-P', 1, '2024-08-08 22:21:00', '2024-08-08 22:21:12'),
(5, 16, '64GB - 4GB', 600.00, 10, 'HN0001', 1, '2024-08-19 22:47:57', '2024-08-24 00:42:50'),
(6, 16, '128GB - 4GB', 500.00, 10, 'HN0002', 1, '2024-08-19 22:47:57', '2024-08-24 00:42:50'),
(7, 18, '64GB - 4GB', 450.00, 9, 'CRX0002', 1, '2024-08-20 21:59:34', '2024-11-26 18:39:36'),
(8, 15, 'mediano', 15.00, 6, 'CS0001', 1, '2024-08-20 23:16:07', '2024-11-26 18:39:36'),
(9, 14, 'grande', 22.00, 3, 'CG0001', 1, '2024-08-20 23:17:17', '2024-09-05 23:23:14'),
(10, 1, 'mediano', 15.00, 10, 'REM001', 1, '2024-08-20 23:17:50', '2024-08-20 23:17:50'),
(11, 6, 'Pequeño', 10.00, 8, 'small', 1, '2024-08-22 22:02:28', '2024-09-05 23:35:54'),
(12, 6, 'Mediano', 15.00, 10, 'medium', 1, '2024-08-22 22:02:28', '2024-09-05 23:16:58'),
(13, 6, 'Grande', 20.00, 10, 'large', 1, '2024-08-22 22:02:28', '2024-09-05 23:16:58'),
(14, 7, 'mediano', 15.00, 10, 'largeVerde', 1, '2024-08-22 23:14:28', '2024-08-23 10:08:38'),
(15, 19, 'pequeno', 22.00, 7, 'RamoP', 1, '2024-08-27 23:59:59', '2024-09-04 22:32:21'),
(16, 11, '22 rosas', 34.00, 10, 'ramoP_azul', 1, '2024-09-04 01:46:14', '2024-09-04 02:39:01'),
(17, 19, '18 rosas', 28.00, 4, 'soprteM', 1, '2024-09-04 22:33:17', '2024-09-05 04:57:58'),
(18, 19, '25 rosas', 38.00, 7, 'soporteG', 1, '2024-09-04 22:33:17', '2024-09-05 04:18:00'),
(19, 20, '10 Rosas', 16.00, 9, 'RE001', 1, '2024-12-01 19:14:41', '2024-12-04 23:14:16'),
(20, 21, '20 Rosas', 25.00, 8, 'RE002', 1, '2024-12-01 19:17:29', '2024-12-04 23:15:10'),
(21, 22, '30 Rosas', 37.00, 10, 'RE003', 1, '2024-12-01 19:19:23', '2024-12-01 19:19:23'),
(22, 23, '40 Rosas', 46.00, 8, 'RE004', 1, '2024-12-01 19:23:25', '2024-12-06 21:16:14'),
(23, 24, '50 Rosas', 56.00, 9, 'RE005', 1, '2024-12-01 19:24:49', '2024-12-01 19:48:31'),
(24, 25, '60 Rosas', 67.00, 5, 'RE006', 1, '2024-12-01 19:27:58', '2024-12-08 20:55:36');

-- --------------------------------------------------------

--
-- Estructura de tabla para la tabla `products_filters`
--

CREATE TABLE `products_filters` (
  `id` bigint(20) UNSIGNED NOT NULL,
  `cat_ids` varchar(255) NOT NULL,
  `filtro_nombre` varchar(255) NOT NULL,
  `filtro_columna` varchar(255) NOT NULL,
  `status` tinyint(4) NOT NULL,
  `created_at` timestamp NULL DEFAULT NULL,
  `updated_at` timestamp NULL DEFAULT NULL
) ENGINE=InnoDB DEFAULT CHARSET=utf8mb4 COLLATE=utf8mb4_unicode_ci;

--
-- Volcado de datos para la tabla `products_filters`
--

INSERT INTO `products_filters` (`id`, `cat_ids`, `filtro_nombre`, `filtro_columna`, `status`, `created_at`, `updated_at`) VALUES
(1, '1,6,2,7,13,3,8', 'Tela', 'tela', 1, '2024-08-16 23:22:13', '2024-08-17 04:02:05'),
(2, '1,6,2,7,13,3,8', 'Mangas', 'mangas', 1, '2024-08-17 03:10:24', '2024-08-17 03:10:24'),
(3, '1,6,2,7,13,3,8', 'Patrón', 'patrón', 1, '2024-08-17 03:11:28', '2024-08-17 03:11:28'),
(4, '1,6,2,7,13,3,8', 'Adaptación', 'adaptación', 1, '2024-08-17 03:12:32', '2024-08-17 03:12:32'),
(5, '1,6,2,7,13,3,8', 'Ocasión', 'ocasión', 1, '2024-08-17 03:13:17', '2024-08-17 03:13:17'),
(6, '4,5,10', 'Ram', 'ram', 1, '2024-08-17 04:00:12', '2024-08-17 04:00:12'),
(7, '11,12', 'Rosas Eternas', 'eternas', 1, '2024-08-17 22:05:14', '2024-08-17 22:05:14'),
(8, '4,5', 'Tamaño Pantalla', 'tamaño_pantalla', 1, '2024-08-19 21:44:03', '2024-08-19 21:44:03'),
(9, '4,5,10', 'Sistema Operativo', 'sistema_operativo', 1, '2024-08-19 21:49:35', '2024-08-19 21:49:35');

-- --------------------------------------------------------

--
-- Estructura de tabla para la tabla `products_filters_values`
--

CREATE TABLE `products_filters_values` (
  `id` bigint(20) UNSIGNED NOT NULL,
  `filtro_id` int(11) NOT NULL,
  `filtro_value` varchar(255) NOT NULL,
  `status` tinyint(4) NOT NULL,
  `created_at` timestamp NULL DEFAULT NULL,
  `updated_at` timestamp NULL DEFAULT NULL
) ENGINE=InnoDB DEFAULT CHARSET=utf8mb4 COLLATE=utf8mb4_unicode_ci;

--
-- Volcado de datos para la tabla `products_filters_values`
--

INSERT INTO `products_filters_values` (`id`, `filtro_id`, `filtro_value`, `status`, `created_at`, `updated_at`) VALUES
(1, 1, 'Algodón', 1, '2024-08-17 03:53:50', '2024-08-17 03:53:50'),
(2, 1, 'Poliéster', 1, '2024-08-17 03:55:22', '2024-08-17 04:01:59'),
(3, 1, 'Lana', 1, '2024-08-17 03:55:48', '2024-08-17 03:55:48'),
(4, 2, 'Manga Completa', 1, '2024-08-17 03:57:41', '2024-08-17 03:57:41'),
(5, 2, 'Media Manga', 1, '2024-08-17 03:57:58', '2024-08-17 03:57:58'),
(6, 2, 'Manga Corta', 1, '2024-08-17 03:58:14', '2024-08-17 03:58:14'),
(7, 2, 'Sin Mangas', 1, '2024-08-17 03:58:29', '2024-08-17 03:58:29'),
(8, 6, '4 GB', 1, '2024-08-17 04:00:29', '2024-08-17 04:00:29'),
(9, 6, '8 GB', 1, '2024-08-17 04:00:42', '2024-08-17 04:00:42'),
(10, 7, '10 rosas', 1, '2024-08-17 22:06:28', '2024-08-17 22:06:28'),
(11, 8, 'hasta 3.9 pulgadas', 1, '2024-08-19 21:47:00', '2024-08-19 21:47:00'),
(12, 8, '4 a 4.4 pulgadas', 1, '2024-08-19 21:47:26', '2024-08-19 21:47:26'),
(13, 8, '4.5 a 4.9 pulgadas', 1, '2024-08-19 21:47:52', '2024-08-19 21:47:52'),
(14, 8, '5 a 5.4 pulgadas', 1, '2024-08-19 21:48:13', '2024-08-19 21:48:13'),
(15, 8, '5.5 pulgadas y más', 1, '2024-08-19 21:48:40', '2024-08-19 21:48:40'),
(16, 9, 'Android', 1, '2024-08-19 21:49:57', '2024-08-19 21:49:57'),
(17, 9, 'IoS', 1, '2024-08-19 21:50:25', '2024-08-19 21:50:25'),
(18, 9, 'Windows', 1, '2024-08-19 21:50:57', '2024-08-19 21:50:57'),
(19, 7, '50 rosas', 1, '2024-08-19 22:36:36', '2024-08-19 22:36:36'),
(20, 7, '20 rosas', 1, '2024-12-01 17:32:34', '2024-12-01 17:32:34'),
(21, 7, '30 rosas', 1, '2024-12-01 17:33:22', '2024-12-01 17:33:22'),
(22, 7, '60 rosas', 1, '2024-12-01 17:33:36', '2024-12-01 17:33:36'),
(23, 7, '40 rosas', 1, '2024-12-01 17:33:58', '2024-12-01 17:33:58'),
(24, 7, '70 rosas', 1, '2024-12-01 17:34:10', '2024-12-01 17:34:10'),
(25, 7, '100 rosas', 1, '2024-12-01 17:34:19', '2024-12-01 17:34:19'),
(26, 6, '32 GB', 1, '2024-12-04 16:07:01', '2024-12-04 16:07:01'),
(27, 8, '8 Pulgadas', 1, '2024-12-04 16:08:03', '2024-12-04 16:08:03'),
(28, 6, 'Ninguna', 1, '2024-12-04 17:48:43', '2024-12-04 17:48:43'),
(29, 9, 'Ninguna', 1, '2024-12-04 17:48:58', '2024-12-04 17:48:58');

-- --------------------------------------------------------

--
-- Estructura de tabla para la tabla `products_images`
--

CREATE TABLE `products_images` (
  `id` bigint(20) UNSIGNED NOT NULL,
  `product_id` int(11) NOT NULL,
  `image` varchar(255) NOT NULL,
  `status` tinyint(4) NOT NULL,
  `created_at` timestamp NULL DEFAULT NULL,
  `updated_at` timestamp NULL DEFAULT NULL
) ENGINE=InnoDB DEFAULT CHARSET=utf8mb4 COLLATE=utf8mb4_unicode_ci;

--
-- Volcado de datos para la tabla `products_images`
--

INSERT INTO `products_images` (`id`, `product_id`, `image`, `status`, `created_at`, `updated_at`) VALUES
(1, 1, '59853.jpg', 1, '2024-08-08 00:25:55', '2024-08-08 20:10:48'),
(2, 1, '18980.jpg', 1, '2024-08-08 00:25:55', '2024-08-08 00:25:55'),
(3, 1, '65779.jpg', 1, '2024-08-08 00:25:55', '2024-08-08 00:25:55'),
(4, 6, '43225.jpeg', 1, '2024-08-22 22:00:36', '2024-08-22 22:00:36'),
(5, 6, '22801.jpeg', 1, '2024-08-22 22:00:36', '2024-08-22 22:00:36'),
(6, 7, '83293.jpg', 1, '2024-08-22 23:13:48', '2024-08-22 23:13:48'),
(7, 17, '48730.jpeg', 1, '2024-08-23 01:05:42', '2024-08-23 01:05:42'),
(8, 17, '4863.jpeg', 1, '2024-08-23 01:07:02', '2024-08-23 01:07:02'),
(9, 10, '73896.jpg', 1, '2024-08-23 01:08:28', '2024-08-23 01:08:28'),
(11, 3, '44232.jpeg', 1, '2024-08-23 01:12:27', '2024-08-23 01:12:27'),
(12, 3, '96343.jpg', 1, '2024-08-23 01:15:35', '2024-08-23 01:15:35'),
(13, 16, '14026.webp', 1, '2024-08-23 01:19:20', '2024-08-23 01:19:20'),
(21, 26, '56792.jpg', 1, '2024-12-04 17:40:00', '2024-12-04 17:40:00'),
(22, 27, '5236.avif', 1, '2024-12-04 17:57:29', '2024-12-04 17:57:29'),
(23, 27, '15398.jpg', 1, '2024-12-04 17:57:38', '2024-12-04 17:57:38');

-- --------------------------------------------------------

--
-- Estructura de tabla para la tabla `ratings`
--

CREATE TABLE `ratings` (
  `id` bigint(20) UNSIGNED NOT NULL,
  `user_id` int(11) NOT NULL,
  `product_id` int(11) NOT NULL,
  `opiniones` text NOT NULL,
  `clasificacion` int(11) NOT NULL,
  `status` tinyint(4) NOT NULL,
  `created_at` timestamp NULL DEFAULT NULL,
  `updated_at` timestamp NULL DEFAULT NULL
) ENGINE=InnoDB DEFAULT CHARSET=utf8mb4 COLLATE=utf8mb4_unicode_ci;

-- --------------------------------------------------------

--
-- Estructura de tabla para la tabla `recently_viewed_products`
--

CREATE TABLE `recently_viewed_products` (
  `id` bigint(20) UNSIGNED NOT NULL,
  `product_id` int(11) NOT NULL,
  `session_id` varchar(255) NOT NULL,
  `created_at` timestamp NULL DEFAULT NULL,
  `updated_at` timestamp NULL DEFAULT NULL
) ENGINE=InnoDB DEFAULT CHARSET=utf8mb4 COLLATE=utf8mb4_unicode_ci;

--
-- Volcado de datos para la tabla `recently_viewed_products`
--

INSERT INTO `recently_viewed_products` (`id`, `product_id`, `session_id`, `created_at`, `updated_at`) VALUES
(1, 10, '7f809d906331054f787adb2d1218ba6e', NULL, NULL),
(2, 12, '7f809d906331054f787adb2d1218ba6e', NULL, NULL),
(3, 13, '7f809d906331054f787adb2d1218ba6e', NULL, NULL),
(4, 1, '7f809d906331054f787adb2d1218ba6e', NULL, NULL),
(5, 17, '7f809d906331054f787adb2d1218ba6e', NULL, NULL),
(6, 4, '7f809d906331054f787adb2d1218ba6e', NULL, NULL),
(7, 2, '695cd129f7cbda0fa415fae894ac931e', NULL, NULL),
(8, 7, '695cd129f7cbda0fa415fae894ac931e', NULL, NULL),
(9, 6, '695cd129f7cbda0fa415fae894ac931e', NULL, NULL),
(10, 16, 'eb9fecd5c4077756d90f2226f094792d', NULL, NULL),
(11, 2, 'eb9fecd5c4077756d90f2226f094792d', NULL, NULL),
(12, 4, 'eb9fecd5c4077756d90f2226f094792d', NULL, NULL),
(13, 14, 'eb9fecd5c4077756d90f2226f094792d', NULL, NULL),
(14, 15, 'eb9fecd5c4077756d90f2226f094792d', NULL, NULL),
(15, 18, 'eb9fecd5c4077756d90f2226f094792d', NULL, NULL),
(16, 1, '69427f3e3ad6cd9ff80ff76834116680', NULL, NULL),
(17, 4, '69427f3e3ad6cd9ff80ff76834116680', NULL, NULL),
(18, 10, '69427f3e3ad6cd9ff80ff76834116680', NULL, NULL),
(19, 11, '69427f3e3ad6cd9ff80ff76834116680', NULL, NULL),
(20, 12, '69427f3e3ad6cd9ff80ff76834116680', NULL, NULL),
(21, 4, '9ca153a8c632ee917f175255fae5504e', NULL, NULL),
(22, 17, '9ca153a8c632ee917f175255fae5504e', NULL, NULL),
(23, 14, '9ca153a8c632ee917f175255fae5504e', NULL, NULL),
(24, 14, '9e4db7ace7e36ff72265b1c16163a1ee', NULL, NULL),
(25, 19, '9e4db7ace7e36ff72265b1c16163a1ee', NULL, NULL),
(26, 4, '157a1199429f041f343ebd0e3885c5e8', NULL, NULL),
(27, 14, '157a1199429f041f343ebd0e3885c5e8', NULL, NULL),
(28, 6, '157a1199429f041f343ebd0e3885c5e8', NULL, NULL),
(29, 16, 'd1ebdc1af9a98f7bbf143cb18746ede5', NULL, NULL),
(30, 4, 'd1ebdc1af9a98f7bbf143cb18746ede5', NULL, NULL),
(31, 3, 'd1ebdc1af9a98f7bbf143cb18746ede5', NULL, NULL),
(32, 1, 'd1ebdc1af9a98f7bbf143cb18746ede5', NULL, NULL),
(33, 14, 'd1ebdc1af9a98f7bbf143cb18746ede5', NULL, NULL),
(34, 19, 'b2da2994aed8975122dcc4513a4cbad6', NULL, NULL),
(35, 4, 'b2da2994aed8975122dcc4513a4cbad6', NULL, NULL),
(36, 3, '20b5a7207f679978f4034250d30a2c19', NULL, NULL),
(37, 6, '20b5a7207f679978f4034250d30a2c19', NULL, NULL),
(38, 19, '20b5a7207f679978f4034250d30a2c19', NULL, NULL),
(39, 9, '20b5a7207f679978f4034250d30a2c19', NULL, NULL),
(40, 18, '20b5a7207f679978f4034250d30a2c19', NULL, NULL),
(41, 4, '20b5a7207f679978f4034250d30a2c19', NULL, NULL),
(42, 1, '20b5a7207f679978f4034250d30a2c19', NULL, NULL),
(43, 10, 'ebb97c721ba4e0ebd7e1c06069e965f6', NULL, NULL),
(44, 12, 'ebb97c721ba4e0ebd7e1c06069e965f6', NULL, NULL),
(45, 16, 'ebb97c721ba4e0ebd7e1c06069e965f6', NULL, NULL),
(46, 6, 'c650aabec9ef19069004539849583bf2', NULL, NULL),
(47, 3, '159707f9393e9d49cfc7a1773e2a2f23', NULL, NULL),
(48, 14, '159707f9393e9d49cfc7a1773e2a2f23', NULL, NULL),
(49, 2, '159707f9393e9d49cfc7a1773e2a2f23', NULL, NULL),
(50, 17, '159707f9393e9d49cfc7a1773e2a2f23', NULL, NULL),
(51, 15, '159707f9393e9d49cfc7a1773e2a2f23', NULL, NULL),
(52, 4, '159707f9393e9d49cfc7a1773e2a2f23', NULL, NULL),
(53, 18, '159707f9393e9d49cfc7a1773e2a2f23', NULL, NULL),
(54, 2, 'ce6046ff3647b7b462d237f779df7807', NULL, NULL),
(55, 1, 'ce6046ff3647b7b462d237f779df7807', NULL, NULL),
(56, 1, 'd5d6c046726f19977d8a30801d8c37cf', NULL, NULL),
(57, 4, 'd5d6c046726f19977d8a30801d8c37cf', NULL, NULL),
(58, 11, 'd5d6c046726f19977d8a30801d8c37cf', NULL, NULL),
(59, 14, 'd5d6c046726f19977d8a30801d8c37cf', NULL, NULL),
(60, 18, '32d38ed3c571ebaec7d25f04dea4c772', NULL, NULL),
(61, 16, 'bf11f70907683144133ba281412c550b', NULL, NULL),
(62, 4, 'bf11f70907683144133ba281412c550b', NULL, NULL),
(63, 6, 'bf11f70907683144133ba281412c550b', NULL, NULL),
(64, 19, '39699f0e5a5407a4da175fdf068381a2', NULL, NULL),
(65, 2, '39699f0e5a5407a4da175fdf068381a2', NULL, NULL),
(66, 14, '39699f0e5a5407a4da175fdf068381a2', NULL, NULL),
(67, 11, '39699f0e5a5407a4da175fdf068381a2', NULL, NULL),
(68, 15, '39699f0e5a5407a4da175fdf068381a2', NULL, NULL),
(69, 4, '39699f0e5a5407a4da175fdf068381a2', NULL, NULL),
(70, 14, '1acd820b4b6ff087e25ad6998a38c39b', NULL, NULL),
(71, 19, '1acd820b4b6ff087e25ad6998a38c39b', NULL, NULL),
(72, 4, '1acd820b4b6ff087e25ad6998a38c39b', NULL, NULL),
(73, 15, '1acd820b4b6ff087e25ad6998a38c39b', NULL, NULL),
(74, 6, '7b6454fca35a676e63eb0f9a28e75eed', NULL, NULL),
(75, 4, '7b6454fca35a676e63eb0f9a28e75eed', NULL, NULL),
(76, 14, '7b6454fca35a676e63eb0f9a28e75eed', NULL, NULL),
(77, 6, 'b802cdbe62cf18221979b9ebe3bf14ce', NULL, NULL),
(78, 1, 'b802cdbe62cf18221979b9ebe3bf14ce', NULL, NULL),
(79, 19, 'b802cdbe62cf18221979b9ebe3bf14ce', NULL, NULL),
(80, 19, 'b26397e773f8786857dd800322053c75', NULL, NULL),
(81, 4, 'b26397e773f8786857dd800322053c75', NULL, NULL),
(82, 1, 'b26397e773f8786857dd800322053c75', NULL, NULL),
(83, 19, '4127e8f94e530f2abcc083a0a760aa91', NULL, NULL),
(84, 4, '4127e8f94e530f2abcc083a0a760aa91', NULL, NULL),
(85, 3, 'bd514bd294129435b50e285210f3ee0e', NULL, NULL),
(86, 3, '9ab20affa5f7c98ff4e2ec433b4d3913', NULL, NULL),
(87, 4, '12ee8537a1c817525120df2fe37ff433', NULL, NULL),
(88, 18, '12ee8537a1c817525120df2fe37ff433', NULL, NULL),
(89, 19, '12ee8537a1c817525120df2fe37ff433', NULL, NULL),
(90, 17, '12ee8537a1c817525120df2fe37ff433', NULL, NULL),
(91, 16, '12ee8537a1c817525120df2fe37ff433', NULL, NULL),
(92, 17, 'b04bf095ae3b93c240e39fe8c890df68', NULL, NULL),
(93, 14, 'b04bf095ae3b93c240e39fe8c890df68', NULL, NULL),
(94, 17, '6ea0f024cfb66290a92cad3378a28e65', NULL, NULL),
(95, 18, '6ea0f024cfb66290a92cad3378a28e65', NULL, NULL),
(96, 16, 'a4eff51cdf23f9eb9207c8ca84cf158c', NULL, NULL),
(97, 17, 'a4eff51cdf23f9eb9207c8ca84cf158c', NULL, NULL),
(98, 19, '38391789f2f06f6f2310bdc7b41302e9', NULL, NULL),
(99, 16, 'a298291fa2d458ed275cce011ab5e926', NULL, NULL),
(100, 10, 'd41d6d82a2eb08d137098c4bca17c773', NULL, NULL),
(101, 11, 'd41d6d82a2eb08d137098c4bca17c773', NULL, NULL),
(102, 3, 'd41d6d82a2eb08d137098c4bca17c773', NULL, NULL),
(103, 4, 'd41d6d82a2eb08d137098c4bca17c773', NULL, NULL),
(104, 17, 'd41d6d82a2eb08d137098c4bca17c773', NULL, NULL),
(105, 14, 'd41d6d82a2eb08d137098c4bca17c773', NULL, NULL),
(106, 2, 'd41d6d82a2eb08d137098c4bca17c773', NULL, NULL),
(107, 9, 'd41d6d82a2eb08d137098c4bca17c773', NULL, NULL),
(108, 19, 'd41d6d82a2eb08d137098c4bca17c773', NULL, NULL),
(109, 13, 'd41d6d82a2eb08d137098c4bca17c773', NULL, NULL),
(110, 20, 'd41d6d82a2eb08d137098c4bca17c773', NULL, NULL),
(111, 22, 'd41d6d82a2eb08d137098c4bca17c773', NULL, NULL),
(112, 25, 'd41d6d82a2eb08d137098c4bca17c773', NULL, NULL),
(113, 24, 'd41d6d82a2eb08d137098c4bca17c773', NULL, NULL),
(114, 3, '5cf9b79c494e94c961eea31eb3aba452', NULL, NULL),
(115, 25, '5cf9b79c494e94c961eea31eb3aba452', NULL, NULL),
(116, 6, '4780f2eeadcc5b370a45ff9c85fa81a0', NULL, NULL),
(117, 7, '4780f2eeadcc5b370a45ff9c85fa81a0', NULL, NULL),
(118, 2, '4780f2eeadcc5b370a45ff9c85fa81a0', NULL, NULL),
(119, 4, '4780f2eeadcc5b370a45ff9c85fa81a0', NULL, NULL),
(120, 24, '4780f2eeadcc5b370a45ff9c85fa81a0', NULL, NULL),
(121, 25, '4780f2eeadcc5b370a45ff9c85fa81a0', NULL, NULL),
(122, 14, '4780f2eeadcc5b370a45ff9c85fa81a0', NULL, NULL),
(123, 26, '4780f2eeadcc5b370a45ff9c85fa81a0', NULL, NULL),
(124, 3, '4780f2eeadcc5b370a45ff9c85fa81a0', NULL, NULL),
(125, 27, '4780f2eeadcc5b370a45ff9c85fa81a0', NULL, NULL),
(126, 22, '724200ccf87fa73fb0b2782eb7965803', NULL, NULL),
(127, 23, '724200ccf87fa73fb0b2782eb7965803', NULL, NULL),
(128, 24, '724200ccf87fa73fb0b2782eb7965803', NULL, NULL),
(129, 20, '724200ccf87fa73fb0b2782eb7965803', NULL, NULL),
(130, 26, '724200ccf87fa73fb0b2782eb7965803', NULL, NULL),
(131, 25, '724200ccf87fa73fb0b2782eb7965803', NULL, NULL),
(132, 17, '724200ccf87fa73fb0b2782eb7965803', NULL, NULL),
(133, 15, '724200ccf87fa73fb0b2782eb7965803', NULL, NULL),
(134, 21, '724200ccf87fa73fb0b2782eb7965803', NULL, NULL),
(135, 26, '96fe781263ecacc7f0895e5586951e9c', NULL, NULL),
(136, 23, 'fc89992fce6edc7088e59576f9574216', NULL, NULL),
(137, 25, '343d4c20a852912b7885a6e73651a0bb', NULL, NULL),
(138, 2, '343d4c20a852912b7885a6e73651a0bb', NULL, NULL),
(139, 14, '343d4c20a852912b7885a6e73651a0bb', NULL, NULL);

-- --------------------------------------------------------

--
-- Estructura de tabla para la tabla `sections`
--

CREATE TABLE `sections` (
  `id` bigint(20) UNSIGNED NOT NULL,
  `nombre` varchar(255) NOT NULL,
  `status` tinyint(4) NOT NULL,
  `created_at` timestamp NULL DEFAULT NULL,
  `updated_at` timestamp NULL DEFAULT NULL
) ENGINE=InnoDB DEFAULT CHARSET=utf8mb4 COLLATE=utf8mb4_unicode_ci;

--
-- Volcado de datos para la tabla `sections`
--

INSERT INTO `sections` (`id`, `nombre`, `status`, `created_at`, `updated_at`) VALUES
(1, 'Ropa', 1, NULL, '2024-08-08 22:15:57'),
(2, 'Electrónicos', 1, NULL, '2024-11-27 19:41:29'),
(3, 'Arreglos', 1, NULL, '2024-07-26 01:57:23');

-- --------------------------------------------------------

--
-- Estructura de tabla para la tabla `shipping_charges`
--

CREATE TABLE `shipping_charges` (
  `id` bigint(20) UNSIGNED NOT NULL,
  `pais` varchar(255) NOT NULL,
  `tarifa` float NOT NULL,
  `status` tinyint(4) NOT NULL,
  `created_at` timestamp NULL DEFAULT NULL,
  `updated_at` timestamp NULL DEFAULT NULL
) ENGINE=InnoDB DEFAULT CHARSET=utf8mb4 COLLATE=utf8mb4_unicode_ci;

--
-- Volcado de datos para la tabla `shipping_charges`
--

INSERT INTO `shipping_charges` (`id`, `pais`, `tarifa`, `status`, `created_at`, `updated_at`) VALUES
(1, 'Afghanistan', 100, 1, '2024-09-03 05:00:00', '2024-09-03 23:28:03'),
(2, 'Albania', 100, 1, '2024-09-03 05:00:00', '2024-09-03 05:00:00'),
(3, 'Algeria', 100, 1, '2024-09-03 05:00:00', '2024-09-03 05:00:00'),
(4, 'American Samoa', 100, 1, '2024-09-03 05:00:00', '2024-09-03 05:00:00'),
(5, 'Andorra', 100, 1, '2024-09-03 05:00:00', '2024-09-03 05:00:00'),
(6, 'Angola', 0, 1, '2024-09-03 05:00:00', '2024-09-03 05:00:00'),
(7, 'Anguilla', 0, 1, '2024-09-03 05:00:00', '2024-09-03 05:00:00'),
(8, 'Antarctica', 0, 1, '2024-09-03 05:00:00', '2024-09-03 05:00:00'),
(9, 'Antigua and Barbuda', 0, 1, '2024-09-03 05:00:00', '2024-09-03 05:00:00'),
(10, 'Argentina', 0, 1, '2024-09-03 05:00:00', '2024-09-03 05:00:00'),
(11, 'Armenia', 0, 1, '2024-09-03 05:00:00', '2024-09-03 05:00:00'),
(12, 'Aruba', 0, 1, '2024-09-03 05:00:00', '2024-09-03 05:00:00'),
(13, 'Australia', 0, 1, '2024-09-03 05:00:00', '2024-09-03 05:00:00'),
(14, 'Austria', 0, 1, '2024-09-03 05:00:00', '2024-09-03 05:00:00'),
(15, 'Azerbaijan', 0, 1, '2024-09-03 05:00:00', '2024-09-03 05:00:00'),
(16, 'Bahamas', 0, 1, '2024-09-03 05:00:00', '2024-09-03 05:00:00'),
(17, 'Bahrain', 0, 1, '2024-09-03 05:00:00', '2024-09-03 05:00:00'),
(18, 'Bangladesh', 0, 1, '2024-09-03 05:00:00', '2024-09-03 05:00:00'),
(19, 'Barbados', 0, 1, '2024-09-03 05:00:00', '2024-09-03 05:00:00'),
(20, 'Belarus', 0, 1, '2024-09-03 05:00:00', '2024-09-03 05:00:00'),
(21, 'Belgium', 0, 1, '2024-09-03 05:00:00', '2024-09-03 05:00:00'),
(22, 'Belize', 0, 1, '2024-09-03 05:00:00', '2024-09-03 05:00:00'),
(23, 'Benin', 0, 1, '2024-09-03 05:00:00', '2024-09-03 05:00:00'),
(24, 'Bermuda', 0, 1, '2024-09-03 05:00:00', '2024-09-03 05:00:00'),
(25, 'Bhutan', 0, 1, '2024-09-03 05:00:00', '2024-09-03 05:00:00'),
(26, 'Bolivia', 0, 1, '2024-09-03 05:00:00', '2024-09-03 05:00:00'),
(27, 'Bosnia and Herzegovina', 0, 1, '2024-09-03 05:00:00', '2024-09-03 05:00:00'),
(28, 'Botswana', 0, 1, '2024-09-03 05:00:00', '2024-09-03 05:00:00'),
(29, 'Bouvet Island', 0, 1, '2024-09-03 05:00:00', '2024-09-03 05:00:00'),
(30, 'Brazil', 0, 1, '2024-09-03 05:00:00', '2024-09-03 05:00:00'),
(31, 'British Indian Ocean Territory', 0, 1, '2024-09-03 05:00:00', '2024-09-03 05:00:00'),
(32, 'Brunei Darussalam', 0, 1, '2024-09-03 05:00:00', '2024-09-03 05:00:00'),
(33, 'Bulgaria', 0, 1, '2024-09-03 05:00:00', '2024-09-03 05:00:00'),
(34, 'Burkina Faso', 0, 1, '2024-09-03 05:00:00', '2024-09-03 05:00:00'),
(35, 'Burundi', 0, 1, '2024-09-03 05:00:00', '2024-09-03 05:00:00'),
(36, 'Cambodia', 0, 1, '2024-09-03 05:00:00', '2024-09-03 05:00:00'),
(37, 'Cameroon', 0, 1, '2024-09-03 05:00:00', '2024-09-03 05:00:00'),
(38, 'Canada', 0, 1, '2024-09-03 05:00:00', '2024-09-03 05:00:00'),
(39, 'Cape Verde', 0, 1, '2024-09-03 05:00:00', '2024-09-03 05:00:00'),
(40, 'Cayman Islands', 0, 1, '2024-09-03 05:00:00', '2024-09-03 05:00:00'),
(41, 'Central African Republic', 0, 1, '2024-09-03 05:00:00', '2024-09-03 05:00:00'),
(42, 'Chad', 0, 1, '2024-09-03 05:00:00', '2024-09-03 05:00:00'),
(43, 'Chile', 0, 1, '2024-09-03 05:00:00', '2024-09-03 05:00:00'),
(44, 'China', 0, 1, '2024-09-03 05:00:00', '2024-09-03 05:00:00'),
(45, 'Christmas Island', 0, 1, '2024-09-03 05:00:00', '2024-09-03 05:00:00'),
(46, 'Cocos (Keeling) Islands', 0, 1, '2024-09-03 05:00:00', '2024-09-03 05:00:00'),
(47, 'Colombia', 0, 1, '2024-09-03 05:00:00', '2024-09-03 05:00:00'),
(48, 'Comoros', 0, 1, '2024-09-03 05:00:00', '2024-09-03 05:00:00'),
(49, 'Democratic Republic of the Congo', 0, 1, '2024-09-03 05:00:00', '2024-09-03 05:00:00'),
(50, 'Republic of Congo', 0, 1, '2024-09-03 05:00:00', '2024-09-03 05:00:00'),
(51, 'Cook Islands', 0, 1, '2024-09-03 05:00:00', '2024-09-03 05:00:00'),
(52, 'Costa Rica', 0, 1, '2024-09-03 05:00:00', '2024-09-03 05:00:00'),
(53, 'Croatia (Hrvatska)', 0, 1, '2024-09-03 05:00:00', '2024-09-03 05:00:00'),
(54, 'Cuba', 0, 1, '2024-09-03 05:00:00', '2024-09-03 05:00:00'),
(55, 'Cyprus', 0, 1, '2024-09-03 05:00:00', '2024-09-03 05:00:00'),
(56, 'Czech Republic', 0, 1, '2024-09-03 05:00:00', '2024-09-03 05:00:00'),
(57, 'Denmark', 0, 1, '2024-09-03 05:00:00', '2024-09-03 05:00:00'),
(58, 'Djibouti', 0, 1, '2024-09-03 05:00:00', '2024-09-03 05:00:00'),
(59, 'Dominica', 0, 1, '2024-09-03 05:00:00', '2024-09-03 05:00:00'),
(60, 'Dominican Republic', 0, 1, '2024-09-03 05:00:00', '2024-09-03 05:00:00'),
(61, 'East Timor', 0, 1, '2024-09-03 05:00:00', '2024-09-03 05:00:00'),
(62, 'Ecuador', 3, 1, '2024-09-03 05:00:00', '2024-09-05 22:52:49'),
(63, 'Egypt', 0, 1, '2024-09-03 05:00:00', '2024-09-03 05:00:00'),
(64, 'El Salvador', 0, 1, '2024-09-03 05:00:00', '2024-09-03 05:00:00'),
(65, 'Equatorial Guinea', 0, 1, '2024-09-03 05:00:00', '2024-09-03 05:00:00'),
(66, 'Eritrea', 0, 1, '2024-09-03 05:00:00', '2024-09-03 05:00:00'),
(67, 'Estonia', 0, 1, '2024-09-03 05:00:00', '2024-09-03 05:00:00'),
(68, 'Ethiopia', 0, 1, '2024-09-03 05:00:00', '2024-09-03 05:00:00'),
(69, 'Falkland Islands (Malvinas)', 0, 1, '2024-09-03 05:00:00', '2024-09-03 05:00:00'),
(70, 'Faroe Islands', 0, 1, '2024-09-03 05:00:00', '2024-09-03 05:00:00'),
(71, 'Fiji', 0, 1, '2024-09-03 05:00:00', '2024-09-03 05:00:00'),
(72, 'Finland', 0, 1, '2024-09-03 05:00:00', '2024-09-03 05:00:00'),
(73, 'France', 0, 1, '2024-09-03 05:00:00', '2024-09-03 05:00:00'),
(74, 'Metropolitan France', 0, 1, '2024-09-03 05:00:00', '2024-09-03 05:00:00'),
(75, 'French Guiana', 0, 1, '2024-09-03 05:00:00', '2024-09-03 05:00:00'),
(76, 'French Polynesia', 0, 1, '2024-09-03 05:00:00', '2024-09-03 05:00:00'),
(77, 'French Southern Territories', 0, 1, '2024-09-03 05:00:00', '2024-09-03 05:00:00'),
(78, 'Gabon', 0, 1, '2024-09-03 05:00:00', '2024-09-03 05:00:00'),
(79, 'Gambia', 0, 1, '2024-09-03 05:00:00', '2024-09-03 05:00:00'),
(80, 'Georgia', 0, 1, '2024-09-03 05:00:00', '2024-09-03 05:00:00'),
(81, 'Germany', 0, 1, '2024-09-03 05:00:00', '2024-09-03 05:00:00'),
(82, 'Ghana', 0, 1, '2024-09-03 05:00:00', '2024-09-03 05:00:00'),
(83, 'Gibraltar', 0, 1, '2024-09-03 05:00:00', '2024-09-03 05:00:00'),
(84, 'Greece', 0, 1, '2024-09-03 05:00:00', '2024-09-03 05:00:00'),
(85, 'Greenland', 0, 1, '2024-09-03 05:00:00', '2024-09-03 05:00:00'),
(86, 'Grenada', 0, 1, '2024-09-03 05:00:00', '2024-09-03 05:00:00'),
(87, 'Guadeloupe', 0, 1, '2024-09-03 05:00:00', '2024-09-03 05:00:00'),
(88, 'Guam', 0, 1, '2024-09-03 05:00:00', '2024-09-03 05:00:00'),
(89, 'Guatemala', 0, 1, '2024-09-03 05:00:00', '2024-09-03 05:00:00'),
(90, 'Guinea', 0, 1, '2024-09-03 05:00:00', '2024-09-03 05:00:00'),
(91, 'Guinea-Bissau', 0, 1, '2024-09-03 05:00:00', '2024-09-03 05:00:00'),
(92, 'Guyana', 0, 1, '2024-09-03 05:00:00', '2024-09-03 05:00:00'),
(93, 'Haiti', 0, 1, '2024-09-03 05:00:00', '2024-09-03 05:00:00'),
(94, 'Heard and Mc Donald Islands', 0, 1, '2024-09-03 05:00:00', '2024-09-03 05:00:00'),
(95, 'Holy See (Vatican City State)', 0, 1, '2024-09-03 05:00:00', '2024-09-03 05:00:00'),
(96, 'Honduras', 0, 1, '2024-09-03 05:00:00', '2024-09-03 05:00:00'),
(97, 'Hong Kong', 0, 1, '2024-09-03 05:00:00', '2024-09-03 05:00:00'),
(98, 'Hungary', 0, 1, '2024-09-03 05:00:00', '2024-09-03 05:00:00'),
(99, 'Iceland', 0, 1, '2024-09-03 05:00:00', '2024-09-03 05:00:00'),
(100, 'India', 0, 1, '2024-09-03 05:00:00', '2024-09-03 05:00:00'),
(101, 'Indonesia', 0, 1, '2024-09-03 05:00:00', '2024-09-03 05:00:00'),
(102, 'Iran (Islamic Republic of)', 0, 1, '2024-09-03 05:00:00', '2024-09-03 05:00:00'),
(103, 'Iraq', 0, 1, '2024-09-03 05:00:00', '2024-09-03 05:00:00'),
(104, 'Ireland', 0, 1, '2024-09-03 05:00:00', '2024-09-03 05:00:00'),
(105, 'Israel', 0, 1, '2024-09-03 05:00:00', '2024-09-03 05:00:00'),
(106, 'Italy', 0, 1, '2024-09-03 05:00:00', '2024-09-03 05:00:00'),
(107, 'Ivory Coast', 0, 1, '2024-09-03 05:00:00', '2024-09-03 05:00:00'),
(108, 'Jamaica', 0, 1, '2024-09-03 05:00:00', '2024-09-03 05:00:00'),
(109, 'Japan', 0, 1, '2024-09-03 05:00:00', '2024-09-03 05:00:00'),
(110, 'Jordan', 0, 1, '2024-09-03 05:00:00', '2024-09-03 05:00:00'),
(111, 'Kazakhstan', 0, 1, '2024-09-03 05:00:00', '2024-09-03 05:00:00'),
(112, 'Kenya', 0, 1, '2024-09-03 05:00:00', '2024-09-03 05:00:00'),
(113, 'Kiribati', 0, 1, '2024-09-03 05:00:00', '2024-09-03 05:00:00'),
(114, 'Kuwait', 0, 1, '2024-09-03 05:00:00', '2024-09-03 05:00:00'),
(115, 'Kyrgyzstan', 0, 1, '2024-09-03 05:00:00', '2024-09-03 05:00:00'),
(116, 'Lao People\'s Democratic Republic', 0, 1, '2024-09-03 05:00:00', '2024-09-03 05:00:00'),
(117, 'Latvia', 0, 1, '2024-09-03 05:00:00', '2024-09-03 05:00:00'),
(118, 'Lebanon', 0, 1, '2024-09-03 05:00:00', '2024-09-03 05:00:00'),
(119, 'Lesotho', 0, 1, '2024-09-03 05:00:00', '2024-09-03 05:00:00'),
(120, 'Liberia', 0, 1, '2024-09-03 05:00:00', '2024-09-03 05:00:00'),
(121, 'Libyan Arab Jamahiriya', 0, 1, '2024-09-03 05:00:00', '2024-09-03 05:00:00'),
(122, 'Liechtenstein', 0, 1, '2024-09-03 05:00:00', '2024-09-03 05:00:00'),
(123, 'Lithuania', 0, 1, '2024-09-03 05:00:00', '2024-09-03 05:00:00'),
(124, 'Luxembourg', 0, 1, '2024-09-03 05:00:00', '2024-09-03 05:00:00'),
(125, 'Macau', 0, 1, '2024-09-03 05:00:00', '2024-09-03 05:00:00'),
(126, 'Macedonia', 0, 1, '2024-09-03 05:00:00', '2024-09-03 05:00:00'),
(127, 'Madagascar', 0, 1, '2024-09-03 05:00:00', '2024-09-03 05:00:00'),
(128, 'Malawi', 0, 1, '2024-09-03 05:00:00', '2024-09-03 05:00:00'),
(129, 'Malaysia', 0, 1, '2024-09-03 05:00:00', '2024-09-03 05:00:00'),
(130, 'Maldives', 0, 1, '2024-09-03 05:00:00', '2024-09-03 05:00:00'),
(131, 'Mali', 0, 1, '2024-09-03 05:00:00', '2024-09-03 05:00:00'),
(132, 'Malta', 0, 1, '2024-09-03 05:00:00', '2024-09-03 05:00:00'),
(133, 'Marshall Islands', 0, 1, '2024-09-03 05:00:00', '2024-09-03 05:00:00'),
(134, 'Martinique', 0, 1, '2024-09-03 05:00:00', '2024-09-03 05:00:00'),
(135, 'Mauritania', 0, 1, '2024-09-03 05:00:00', '2024-09-03 05:00:00'),
(136, 'Mauritius', 0, 1, '2024-09-03 05:00:00', '2024-09-03 05:00:00'),
(137, 'Mayotte', 0, 1, '2024-09-03 05:00:00', '2024-09-03 05:00:00'),
(138, 'Mexico', 0, 1, '2024-09-03 05:00:00', '2024-09-03 05:00:00'),
(139, 'Micronesia', 0, 1, '2024-09-03 05:00:00', '2024-09-03 05:00:00'),
(140, 'Moldova, Republic of', 0, 1, '2024-09-03 05:00:00', '2024-09-03 05:00:00'),
(141, 'Monaco', 0, 1, '2024-09-03 05:00:00', '2024-09-03 05:00:00'),
(142, 'Mongolia', 0, 1, '2024-09-03 05:00:00', '2024-09-03 05:00:00'),
(143, 'Montserrat', 0, 1, '2024-09-03 05:00:00', '2024-09-03 05:00:00'),
(144, 'Morocco', 0, 1, '2024-09-03 05:00:00', '2024-09-03 05:00:00'),
(145, 'Mozambique', 0, 1, '2024-09-03 05:00:00', '2024-09-03 05:00:00'),
(146, 'Myanmar', 0, 1, '2024-09-03 05:00:00', '2024-09-03 05:00:00'),
(147, 'Namibia', 0, 1, '2024-09-03 05:00:00', '2024-09-03 05:00:00'),
(148, 'Nauru', 0, 1, '2024-09-03 05:00:00', '2024-09-03 05:00:00'),
(149, 'Nepal', 0, 1, '2024-09-03 05:00:00', '2024-09-03 05:00:00'),
(150, 'Netherlands', 0, 1, '2024-09-03 05:00:00', '2024-09-03 05:00:00'),
(151, 'Netherlands Antilles', 0, 1, '2024-09-03 05:00:00', '2024-09-03 05:00:00'),
(152, 'New Caledonia', 0, 1, '2024-09-03 05:00:00', '2024-09-03 05:00:00'),
(153, 'New Zealand', 0, 1, '2024-09-03 05:00:00', '2024-09-03 05:00:00'),
(154, 'Nicaragua', 0, 1, '2024-09-03 05:00:00', '2024-09-03 05:00:00'),
(155, 'Niger', 0, 1, '2024-09-03 05:00:00', '2024-09-03 05:00:00'),
(156, 'Nigeria', 0, 1, '2024-09-03 05:00:00', '2024-09-03 05:00:00'),
(157, 'Niue', 0, 1, '2024-09-03 05:00:00', '2024-09-03 05:00:00'),
(158, 'Norfolk Island', 0, 1, '2024-09-03 05:00:00', '2024-09-03 05:00:00'),
(159, 'North Korea', 0, 1, '2024-09-03 05:00:00', '2024-09-03 05:00:00'),
(160, 'Northern Mariana Islands', 0, 1, '2024-09-03 05:00:00', '2024-09-03 05:00:00'),
(161, 'Norway', 0, 1, '2024-09-03 05:00:00', '2024-09-03 05:00:00'),
(162, 'Oman', 0, 1, '2024-09-03 05:00:00', '2024-09-03 05:00:00'),
(163, 'Pakistan', 0, 1, '2024-09-03 05:00:00', '2024-09-03 05:00:00'),
(164, 'Palau', 0, 1, '2024-09-03 05:00:00', '2024-09-03 05:00:00'),
(165, 'Palestine', 0, 1, '2024-09-03 05:00:00', '2024-09-03 05:00:00'),
(166, 'Panama', 0, 1, '2024-09-03 05:00:00', '2024-09-03 05:00:00'),
(167, 'Papua New Guinea', 0, 1, '2024-09-03 05:00:00', '2024-09-03 05:00:00'),
(168, 'Paraguay', 0, 1, '2024-09-03 05:00:00', '2024-09-03 05:00:00'),
(169, 'Peru', 0, 1, '2024-09-03 05:00:00', '2024-09-03 05:00:00'),
(170, 'Philippines', 0, 1, '2024-09-03 05:00:00', '2024-09-03 05:00:00'),
(171, 'Pitcairn', 0, 1, '2024-09-03 05:00:00', '2024-09-03 05:00:00'),
(172, 'Poland', 0, 1, '2024-09-03 05:00:00', '2024-09-03 05:00:00'),
(173, 'Portugal', 0, 1, '2024-09-03 05:00:00', '2024-09-03 05:00:00'),
(174, 'Puerto Rico', 0, 1, '2024-09-03 05:00:00', '2024-09-03 05:00:00'),
(175, 'Qatar', 0, 1, '2024-09-03 05:00:00', '2024-09-03 05:00:00'),
(176, 'Reunion', 0, 1, '2024-09-03 05:00:00', '2024-09-03 05:00:00'),
(177, 'Romania', 0, 1, '2024-09-03 05:00:00', '2024-09-03 05:00:00'),
(178, 'Russian Federation', 0, 1, '2024-09-03 05:00:00', '2024-09-03 05:00:00'),
(179, 'Rwanda', 0, 1, '2024-09-03 05:00:00', '2024-09-03 05:00:00'),
(180, 'Saint Kitts and Nevis', 0, 1, '2024-09-03 05:00:00', '2024-09-03 05:00:00'),
(181, 'Saint Lucia', 0, 1, '2024-09-03 05:00:00', '2024-09-03 05:00:00'),
(182, 'Saint Vincent and the Grenadines', 0, 1, '2024-09-03 05:00:00', '2024-09-03 05:00:00'),
(183, 'Samoa', 0, 1, '2024-09-03 05:00:00', '2024-09-03 05:00:00'),
(184, 'San Marino', 0, 1, '2024-09-03 05:00:00', '2024-09-03 05:00:00'),
(185, 'Sao Tome and Principe', 0, 1, '2024-09-03 05:00:00', '2024-09-03 05:00:00'),
(186, 'Saudi Arabia', 0, 1, '2024-09-03 05:00:00', '2024-09-03 05:00:00'),
(187, 'Senegal', 0, 1, '2024-09-03 05:00:00', '2024-09-03 05:00:00'),
(188, 'Seychelles', 0, 1, '2024-09-03 05:00:00', '2024-09-03 05:00:00'),
(189, 'Sierra Leone', 0, 1, '2024-09-03 05:00:00', '2024-09-03 05:00:00'),
(190, 'Singapore', 0, 1, '2024-09-03 05:00:00', '2024-09-03 05:00:00'),
(191, 'Slovakia', 0, 1, '2024-09-03 05:00:00', '2024-09-03 05:00:00'),
(192, 'Slovenia', 0, 1, '2024-09-03 05:00:00', '2024-09-03 05:00:00'),
(193, 'Solomon Islands', 0, 1, '2024-09-03 05:00:00', '2024-09-03 05:00:00'),
(194, 'Somalia', 0, 1, '2024-09-03 05:00:00', '2024-09-03 05:00:00'),
(195, 'South Africa', 0, 1, '2024-09-03 05:00:00', '2024-09-03 05:00:00'),
(196, 'South Georgia', 0, 1, '2024-09-03 05:00:00', '2024-09-03 05:00:00'),
(197, 'South Korea', 0, 1, '2024-09-03 05:00:00', '2024-09-03 05:00:00'),
(198, 'South Sudan', 0, 1, '2024-09-03 05:00:00', '2024-09-03 05:00:00'),
(199, 'Spain', 0, 1, '2024-09-03 05:00:00', '2024-09-03 05:00:00'),
(200, 'Sri Lanka', 0, 1, '2024-09-03 05:00:00', '2024-09-03 05:00:00'),
(201, 'St. Helena', 0, 1, '2024-09-03 05:00:00', '2024-09-03 05:00:00'),
(202, 'St. Pierre and Miquelon', 0, 1, '2024-09-03 05:00:00', '2024-09-03 05:00:00'),
(203, 'Sudan', 0, 1, '2024-09-03 05:00:00', '2024-09-03 05:00:00'),
(204, 'Suriname', 0, 1, '2024-09-03 05:00:00', '2024-09-03 05:00:00'),
(205, 'Svalbard and Jan Mayen Islands', 0, 1, '2024-09-03 05:00:00', '2024-09-03 05:00:00'),
(206, 'Swaziland', 0, 1, '2024-09-03 05:00:00', '2024-09-03 05:00:00'),
(207, 'Sweden', 0, 1, '2024-09-03 05:00:00', '2024-09-03 05:00:00'),
(208, 'Switzerland', 0, 1, '2024-09-03 05:00:00', '2024-09-03 05:00:00'),
(209, 'Syrian Arab Republic', 0, 1, '2024-09-03 05:00:00', '2024-09-03 05:00:00'),
(210, 'Taiwan', 0, 1, '2024-09-03 05:00:00', '2024-09-03 05:00:00'),
(211, 'Tajikistan', 0, 1, '2024-09-03 05:00:00', '2024-09-03 05:00:00'),
(212, 'Tanzania, United Republic of', 0, 1, '2024-09-03 05:00:00', '2024-09-03 05:00:00'),
(213, 'Thailand', 0, 1, '2024-09-03 05:00:00', '2024-09-03 05:00:00'),
(214, 'Togo', 0, 1, '2024-09-03 05:00:00', '2024-09-03 05:00:00'),
(215, 'Tokelau', 0, 1, '2024-09-03 05:00:00', '2024-09-03 05:00:00'),
(216, 'Tonga', 0, 1, '2024-09-03 05:00:00', '2024-09-03 05:00:00'),
(217, 'Trinidad and Tobago', 0, 1, '2024-09-03 05:00:00', '2024-09-03 05:00:00'),
(218, 'Tunisia', 0, 1, '2024-09-03 05:00:00', '2024-09-03 05:00:00'),
(219, 'Turkey', 0, 1, '2024-09-03 05:00:00', '2024-09-03 05:00:00'),
(220, 'Turkmenistan', 0, 1, '2024-09-03 05:00:00', '2024-09-03 05:00:00'),
(221, 'Turks and Caicos Islands', 0, 1, '2024-09-03 05:00:00', '2024-09-03 05:00:00'),
(222, 'Tuvalu', 0, 1, '2024-09-03 05:00:00', '2024-09-03 05:00:00'),
(223, 'Uganda', 0, 1, '2024-09-03 05:00:00', '2024-09-03 05:00:00'),
(224, 'Ukraine', 0, 1, '2024-09-03 05:00:00', '2024-09-03 05:00:00'),
(225, 'United Arab Emirates', 0, 1, '2024-09-03 05:00:00', '2024-09-03 05:00:00'),
(226, 'United Kingdom', 0, 1, '2024-09-03 05:00:00', '2024-09-03 05:00:00'),
(227, 'United States', 0, 1, '2024-09-03 05:00:00', '2024-09-03 05:00:00'),
(228, 'United States Minor Outlying Islands', 0, 1, '2024-09-03 05:00:00', '2024-09-03 05:00:00'),
(229, 'Uruguay', 0, 1, '2024-09-03 05:00:00', '2024-09-03 05:00:00'),
(230, 'Uzbekistan', 0, 1, '2024-09-03 05:00:00', '2024-09-03 05:00:00'),
(231, 'Vanuatu', 0, 1, '2024-09-03 05:00:00', '2024-09-03 05:00:00'),
(232, 'Venezuela', 0, 1, '2024-09-03 05:00:00', '2024-09-03 05:00:00'),
(233, 'Viet Nam', 0, 1, '2024-09-03 05:00:00', '2024-09-03 05:00:00'),
(234, 'Virgin Islands (British)', 0, 1, '2024-09-03 05:00:00', '2024-09-03 05:00:00'),
(235, 'Virgin Islands (U.S.)', 0, 1, '2024-09-03 05:00:00', '2024-09-03 05:00:00'),
(236, 'Wallis and Futuna Islands', 0, 1, '2024-09-03 05:00:00', '2024-09-03 05:00:00'),
(237, 'Western Sahara', 0, 1, '2024-09-03 05:00:00', '2024-09-03 05:00:00'),
(238, 'Yemen', 0, 1, '2024-09-03 05:00:00', '2024-09-03 05:00:00'),
(239, 'Zambia', 0, 1, '2024-09-03 05:00:00', '2024-09-03 05:00:00'),
(240, 'Zimbabwe', 0, 1, '2024-09-03 05:00:00', '2024-09-03 05:00:00');

-- --------------------------------------------------------

--
-- Estructura de tabla para la tabla `users`
--

CREATE TABLE `users` (
  `id` bigint(20) UNSIGNED NOT NULL,
  `name` varchar(255) NOT NULL,
  `direccion` varchar(255) DEFAULT NULL,
  `ciudad` varchar(255) DEFAULT NULL,
  `estado` varchar(255) DEFAULT NULL,
  `pais` varchar(255) DEFAULT NULL,
  `pincodigo` varchar(255) DEFAULT NULL,
  `celular` varchar(255) DEFAULT NULL,
  `email` varchar(255) NOT NULL,
  `email_verified_at` timestamp NULL DEFAULT NULL,
  `password` varchar(255) NOT NULL,
  `status` tinyint(4) NOT NULL,
  `remember_token` varchar(100) DEFAULT NULL,
  `created_at` timestamp NULL DEFAULT NULL,
  `updated_at` timestamp NULL DEFAULT NULL
) ENGINE=InnoDB DEFAULT CHARSET=utf8mb4 COLLATE=utf8mb4_unicode_ci;

--
-- Volcado de datos para la tabla `users`
--

INSERT INTO `users` (`id`, `name`, `direccion`, `ciudad`, `estado`, `pais`, `pincodigo`, `celular`, `email`, `email_verified_at`, `password`, `status`, `remember_token`, `created_at`, `updated_at`) VALUES
(1, 'Kevin Masabanda', '', '', '', '', '', '', 'masabandakevin99@gmail.com', NULL, '$2y$10$ChZgEFaknNYp76kwjEcZceBhPZBHH3JdYcIVgUYnKII9nhZ4YY7rK', 0, NULL, '2024-07-11 22:47:23', '2024-07-11 22:47:23'),
(2, 'Joselyn', '', '', '', '', '', '', 'joselync@gmail.com', NULL, '$2y$10$9VVCROe3TLo1.SWy6kwM8e8/4iW5/ekvXW.iioKL48uJSVibe1yBC', 0, NULL, '2024-07-12 04:38:55', '2024-08-28 04:29:57'),
(3, 'Micaela Chaglla', 'Ficoa', 'Ambato', 'Ficoa', 'Ecuador', '1802324356', '0999999998', 'micaela2012@gmail.com', NULL, '$2y$10$3Xi2rLZAMTrJE25gk2QRleLYbBZCcpEN3bWWcY1nsCK2Hzz6p35G2', 1, NULL, '2024-08-26 20:49:36', '2024-11-26 18:32:43'),
(4, 'Ander Chaglla', NULL, NULL, NULL, NULL, NULL, '0666666666', 'ander4445@gmail.com', NULL, '$2y$10$31dIrdaSApkBMPEHqthUO.qEW09U0cxGak2IH.Sc9ZMAomQ9RBZuy', 1, NULL, '2024-08-26 21:15:10', '2024-08-27 21:47:54'),
(5, 'Mario Gomez', NULL, NULL, NULL, NULL, NULL, '0945221447', 'mario_g12@gmail.com', NULL, '$2y$10$zdqhsRlU7UJzuob4BFfwqeW1nuXJtRubGLoqYl60BAzh1zt9S7/pm', 1, NULL, '2024-09-02 15:48:44', '2024-09-02 15:49:04'),
(6, 'Rocio Cordova', 'Atocha', 'Ambato', 'Atocha', 'Ecuador', '1804475125', '0478884775', 'rocio55@gmail.com', NULL, '$2y$10$y7iJsCSKs/SAQ2h1yTtob.Mpt2w1W5o1MdGnuQrE3zlCbLgAZ6eGi', 1, NULL, '2024-09-03 21:03:42', '2024-11-27 03:13:01'),
(8, 'Dilan Caiza', NULL, NULL, NULL, NULL, NULL, '0988552214', 'dilanc@gmail.com', NULL, '$2y$10$bT5j8rVT91YpNF.sCOeYpOatETzz8M45Z2H3/GKo2.SD/d2RyqGRW', 1, NULL, '2024-09-05 23:33:30', '2024-11-26 21:00:54'),
(9, 'Manuel', NULL, NULL, NULL, NULL, NULL, '0987441547', 'manuelchaglla98@gmial.com', NULL, '$2y$10$2aRGrL.nnElgmeYs.l9myOqxVHS9xjYlVmvmxfsSuIi28Wo51.OmC', 1, NULL, '2024-12-01 19:40:50', '2024-12-01 19:41:03'),
(10, 'Juan Cordova', NULL, NULL, NULL, NULL, NULL, '0964007822', 'juancordova24081406@gmail.com', NULL, '$2y$10$Y.PVqAPeRG69soCYTdHZregM4I3yVMKUqpSvKtmyAoRZw.mAXUI3K', 0, NULL, '2024-12-06 21:03:35', '2024-12-06 21:03:35'),
(11, 'Josefina Lascano', NULL, NULL, NULL, NULL, NULL, '0984343216', 'papamanuel1956@gmail.com', NULL, '$2y$10$2Wozft/wHdbIPlns5d4zF.8IYVECtZ/Qk0kC7yr.d4pNLb9x5Wjhi', 1, NULL, '2024-12-06 21:11:02', '2024-12-08 20:45:28'),
(12, 'Dilan Caiza', NULL, NULL, NULL, NULL, NULL, '0987719490', 'tigrebambino2008@gmail.com', NULL, '$2y$10$AvaQSyC7/ONewuxCAd3FQOTNIyyXvrYevq/PEnyN2MI5rPrfkTMNy', 1, NULL, '2024-12-08 20:50:10', '2024-12-08 20:51:08');

-- --------------------------------------------------------

--
-- Estructura de tabla para la tabla `vendors`
--

CREATE TABLE `vendors` (
  `id` bigint(20) UNSIGNED NOT NULL,
  `nombre` varchar(255) NOT NULL,
  `direccion` varchar(255) DEFAULT NULL,
  `ciudad` varchar(255) DEFAULT NULL,
  `estado` varchar(255) DEFAULT NULL,
  `pais` varchar(255) DEFAULT NULL,
  `codigopin` varchar(255) DEFAULT NULL,
  `celular` varchar(255) NOT NULL,
  `email` varchar(255) NOT NULL,
  `confirmar` enum('No','Si') NOT NULL DEFAULT 'No',
  `comision` float DEFAULT NULL,
  `status` tinyint(4) NOT NULL,
  `created_at` timestamp NULL DEFAULT NULL,
  `updated_at` timestamp NULL DEFAULT NULL
) ENGINE=InnoDB DEFAULT CHARSET=utf8mb4 COLLATE=utf8mb4_unicode_ci;

--
-- Volcado de datos para la tabla `vendors`
--

INSERT INTO `vendors` (`id`, `nombre`, `direccion`, `ciudad`, `estado`, `pais`, `codigopin`, `celular`, `email`, `confirmar`, `comision`, `status`, `created_at`, `updated_at`) VALUES
(1, 'Joselyn Ortega', 'Simón Bolívar', 'Ambato', 'Huachi Loreto', 'Ecuador', '110002', '0984078299', 'joselynortega243@gmail.com', 'Si', 2, 1, NULL, '2024-09-04 22:05:40'),
(3, 'Dayana', 'Miraflores Alto', 'AMBATO', 'La Merced', 'Ecuador', '180102', '0984775128', 'dayanachaglla7@gmail.com', 'Si', 2, 1, '2024-08-21 05:35:04', '2024-09-04 22:05:19'),
(4, 'Henry Guamanzara', 'La heroína y Virgen del sol', 'Ambato', 'Atocha Ficoa', 'Ecuador', '1804758426', '0987436279', 'henryguamanzara55@gmail.com', 'Si', 2, 1, '2024-08-21 21:05:24', '2024-12-01 15:51:20'),
(5, 'Kevin Zapata', 'Calle Castillo y Av. Cevallos', 'Ambato', 'La Matriz', 'Ecuador', '1803460318', '0984775166', 'kz52952@gmail.com', 'Si', NULL, 1, '2024-11-26 20:34:26', '2024-12-02 13:37:03');

-- --------------------------------------------------------

--
-- Estructura de tabla para la tabla `vendors_bank_details`
--

CREATE TABLE `vendors_bank_details` (
  `id` bigint(20) UNSIGNED NOT NULL,
  `vendor_id` int(11) NOT NULL,
  `cuenta_personal_name` varchar(255) NOT NULL,
  `banco_name` varchar(255) NOT NULL,
  `cuenta_numero` varchar(255) NOT NULL,
  `banco_ifsc_code` varchar(255) NOT NULL,
  `created_at` timestamp NULL DEFAULT NULL,
  `updated_at` timestamp NULL DEFAULT NULL
) ENGINE=InnoDB DEFAULT CHARSET=utf8mb4 COLLATE=utf8mb4_unicode_ci;

--
-- Volcado de datos para la tabla `vendors_bank_details`
--

INSERT INTO `vendors_bank_details` (`id`, `vendor_id`, `cuenta_personal_name`, `banco_name`, `cuenta_numero`, `banco_ifsc_code`, `created_at`, `updated_at`) VALUES
(1, 1, 'Joselyn Ortega', 'Bancho Pichincha', '2206645532', '123452', NULL, '2024-07-31 21:38:56'),
(3, 3, 'Edith Chaglla', 'Bancho Pichincha', '2206645555', '11111', NULL, NULL),
(4, 4, 'Henry Guamanzara', 'Bancho Pichincha', '2205783262', 'Ahorros', NULL, NULL),
(5, 5, 'Kevin Zapata', 'Bancho Pichincha', '4051572000', 'Ahorros', NULL, NULL);

-- --------------------------------------------------------

--
-- Estructura de tabla para la tabla `vendors_business_details`
--

CREATE TABLE `vendors_business_details` (
  `id` bigint(20) UNSIGNED NOT NULL,
  `vendor_id` int(11) NOT NULL,
  `nombre_tienda` varchar(255) DEFAULT NULL,
  `direccion_tienda` varchar(255) DEFAULT NULL,
  `ciudad_tienda` varchar(255) DEFAULT NULL,
  `estado_tienda` varchar(255) DEFAULT NULL,
  `pais_tienda` varchar(255) DEFAULT NULL,
  `codigopin_tienda` varchar(255) DEFAULT NULL,
  `celular_tienda` varchar(255) DEFAULT NULL,
  `sitioweb_tienda` varchar(255) DEFAULT NULL,
  `email_tienda` varchar(255) DEFAULT NULL,
  `address_proof` varchar(255) DEFAULT NULL,
  `address_proof_image` varchar(255) DEFAULT NULL,
  `business_licencia_numero` varchar(255) DEFAULT NULL,
  `usd_moneda` varchar(255) DEFAULT NULL,
  `pan_number` varchar(255) DEFAULT NULL,
  `created_at` timestamp NULL DEFAULT NULL,
  `updated_at` timestamp NULL DEFAULT NULL
) ENGINE=InnoDB DEFAULT CHARSET=utf8mb4 COLLATE=utf8mb4_unicode_ci;

--
-- Volcado de datos para la tabla `vendors_business_details`
--

INSERT INTO `vendors_business_details` (`id`, `vendor_id`, `nombre_tienda`, `direccion_tienda`, `ciudad_tienda`, `estado_tienda`, `pais_tienda`, `codigopin_tienda`, `celular_tienda`, `sitioweb_tienda`, `email_tienda`, `address_proof`, `address_proof_image`, `business_licencia_numero`, `usd_moneda`, `pan_number`, `created_at`, `updated_at`) VALUES
(1, 1, 'Flores Eternas Shop Joselyn', 'Simon Bolivar', 'Ambato', 'Huachi Loreto', 'Ecuador', '180101', '0989334577', 'no', 'joselynC@admin.com', 'Cedula', '1721585403.png', '123451', '123451', '123451', NULL, '2024-07-31 21:38:45'),
(3, 3, 'Flower Shop Dayana', 'Miraflores Alto', 'Ambato', 'La Matriz', 'Ecuador', '180102', '0984077777', NULL, NULL, 'Cedula', '', '1212', 'usd', '1414', NULL, '2024-08-23 23:21:13'),
(4, 4, 'Tecni TECH', 'La heroína y Virgen del sol', 'Ambato', 'Atocha Ficoa', 'Ecuador', '000123', '0987665436', NULL, NULL, 'Cedula', '', NULL, 'usd', NULL, NULL, NULL),
(5, 5, 'Hambatu EC', 'Calle Castillo y Av. Cevallos', 'Ambato', NULL, 'Ecuador', '180102', '0984071111', NULL, NULL, 'Cedula', '', NULL, 'usd', NULL, NULL, NULL);

--
-- Índices para tablas volcadas
--

--
-- Indices de la tabla `admins`
--
ALTER TABLE `admins`
  ADD PRIMARY KEY (`id`),
  ADD UNIQUE KEY `admins_email_unique` (`email`);

--
-- Indices de la tabla `banners`
--
ALTER TABLE `banners`
  ADD PRIMARY KEY (`id`);

--
-- Indices de la tabla `brands`
--
ALTER TABLE `brands`
  ADD PRIMARY KEY (`id`);

--
-- Indices de la tabla `carts`
--
ALTER TABLE `carts`
  ADD PRIMARY KEY (`id`);

--
-- Indices de la tabla `categories`
--
ALTER TABLE `categories`
  ADD PRIMARY KEY (`id`);

--
-- Indices de la tabla `cod_pincodes`
--
ALTER TABLE `cod_pincodes`
  ADD PRIMARY KEY (`id`);

--
-- Indices de la tabla `countries`
--
ALTER TABLE `countries`
  ADD PRIMARY KEY (`id`);

--
-- Indices de la tabla `coupons`
--
ALTER TABLE `coupons`
  ADD PRIMARY KEY (`id`);

--
-- Indices de la tabla `delivery_addresses`
--
ALTER TABLE `delivery_addresses`
  ADD PRIMARY KEY (`id`);

--
-- Indices de la tabla `failed_jobs`
--
ALTER TABLE `failed_jobs`
  ADD PRIMARY KEY (`id`),
  ADD UNIQUE KEY `failed_jobs_uuid_unique` (`uuid`);

--
-- Indices de la tabla `migrations`
--
ALTER TABLE `migrations`
  ADD PRIMARY KEY (`id`);

--
-- Indices de la tabla `newsletter_subscribers`
--
ALTER TABLE `newsletter_subscribers`
  ADD PRIMARY KEY (`id`);

--
-- Indices de la tabla `orders`
--
ALTER TABLE `orders`
  ADD PRIMARY KEY (`id`);

--
-- Indices de la tabla `orders_logs`
--
ALTER TABLE `orders_logs`
  ADD PRIMARY KEY (`id`);

--
-- Indices de la tabla `orders_products`
--
ALTER TABLE `orders_products`
  ADD PRIMARY KEY (`id`);

--
-- Indices de la tabla `order_statuses`
--
ALTER TABLE `order_statuses`
  ADD PRIMARY KEY (`id`);

--
-- Indices de la tabla `password_resets`
--
ALTER TABLE `password_resets`
  ADD PRIMARY KEY (`email`);

--
-- Indices de la tabla `payments`
--
ALTER TABLE `payments`
  ADD PRIMARY KEY (`id`);

--
-- Indices de la tabla `personal_access_tokens`
--
ALTER TABLE `personal_access_tokens`
  ADD PRIMARY KEY (`id`),
  ADD UNIQUE KEY `personal_access_tokens_token_unique` (`token`),
  ADD KEY `personal_access_tokens_tokenable_type_tokenable_id_index` (`tokenable_type`,`tokenable_id`);

--
-- Indices de la tabla `products`
--
ALTER TABLE `products`
  ADD PRIMARY KEY (`id`);

--
-- Indices de la tabla `products_attributes`
--
ALTER TABLE `products_attributes`
  ADD PRIMARY KEY (`id`);

--
-- Indices de la tabla `products_filters`
--
ALTER TABLE `products_filters`
  ADD PRIMARY KEY (`id`);

--
-- Indices de la tabla `products_filters_values`
--
ALTER TABLE `products_filters_values`
  ADD PRIMARY KEY (`id`);

--
-- Indices de la tabla `products_images`
--
ALTER TABLE `products_images`
  ADD PRIMARY KEY (`id`);

--
-- Indices de la tabla `ratings`
--
ALTER TABLE `ratings`
  ADD PRIMARY KEY (`id`);

--
-- Indices de la tabla `recently_viewed_products`
--
ALTER TABLE `recently_viewed_products`
  ADD PRIMARY KEY (`id`);

--
-- Indices de la tabla `sections`
--
ALTER TABLE `sections`
  ADD PRIMARY KEY (`id`);

--
-- Indices de la tabla `shipping_charges`
--
ALTER TABLE `shipping_charges`
  ADD PRIMARY KEY (`id`);

--
-- Indices de la tabla `users`
--
ALTER TABLE `users`
  ADD PRIMARY KEY (`id`),
  ADD UNIQUE KEY `users_email_unique` (`email`);

--
-- Indices de la tabla `vendors`
--
ALTER TABLE `vendors`
  ADD PRIMARY KEY (`id`),
  ADD UNIQUE KEY `vendors_email_unique` (`email`);

--
-- Indices de la tabla `vendors_bank_details`
--
ALTER TABLE `vendors_bank_details`
  ADD PRIMARY KEY (`id`);

--
-- Indices de la tabla `vendors_business_details`
--
ALTER TABLE `vendors_business_details`
  ADD PRIMARY KEY (`id`);

--
-- AUTO_INCREMENT de las tablas volcadas
--

--
-- AUTO_INCREMENT de la tabla `admins`
--
ALTER TABLE `admins`
  MODIFY `id` bigint(20) UNSIGNED NOT NULL AUTO_INCREMENT, AUTO_INCREMENT=7;

--
-- AUTO_INCREMENT de la tabla `banners`
--
ALTER TABLE `banners`
  MODIFY `id` bigint(20) UNSIGNED NOT NULL AUTO_INCREMENT, AUTO_INCREMENT=7;

--
-- AUTO_INCREMENT de la tabla `brands`
--
ALTER TABLE `brands`
  MODIFY `id` bigint(20) UNSIGNED NOT NULL AUTO_INCREMENT, AUTO_INCREMENT=12;

--
-- AUTO_INCREMENT de la tabla `carts`
--
ALTER TABLE `carts`
  MODIFY `id` bigint(20) UNSIGNED NOT NULL AUTO_INCREMENT, AUTO_INCREMENT=118;

--
-- AUTO_INCREMENT de la tabla `categories`
--
ALTER TABLE `categories`
  MODIFY `id` bigint(20) UNSIGNED NOT NULL AUTO_INCREMENT, AUTO_INCREMENT=16;

--
-- AUTO_INCREMENT de la tabla `cod_pincodes`
--
ALTER TABLE `cod_pincodes`
  MODIFY `id` int(11) NOT NULL AUTO_INCREMENT, AUTO_INCREMENT=1226;

--
-- AUTO_INCREMENT de la tabla `countries`
--
ALTER TABLE `countries`
  MODIFY `id` int(11) NOT NULL AUTO_INCREMENT, AUTO_INCREMENT=247;

--
-- AUTO_INCREMENT de la tabla `coupons`
--
ALTER TABLE `coupons`
  MODIFY `id` bigint(20) UNSIGNED NOT NULL AUTO_INCREMENT, AUTO_INCREMENT=9;

--
-- AUTO_INCREMENT de la tabla `delivery_addresses`
--
ALTER TABLE `delivery_addresses`
  MODIFY `id` bigint(20) UNSIGNED NOT NULL AUTO_INCREMENT, AUTO_INCREMENT=14;

--
-- AUTO_INCREMENT de la tabla `failed_jobs`
--
ALTER TABLE `failed_jobs`
  MODIFY `id` bigint(20) UNSIGNED NOT NULL AUTO_INCREMENT;

--
-- AUTO_INCREMENT de la tabla `migrations`
--
ALTER TABLE `migrations`
  MODIFY `id` int(10) UNSIGNED NOT NULL AUTO_INCREMENT, AUTO_INCREMENT=36;

--
-- AUTO_INCREMENT de la tabla `newsletter_subscribers`
--
ALTER TABLE `newsletter_subscribers`
  MODIFY `id` bigint(20) UNSIGNED NOT NULL AUTO_INCREMENT, AUTO_INCREMENT=5;

--
-- AUTO_INCREMENT de la tabla `orders`
--
ALTER TABLE `orders`
  MODIFY `id` bigint(20) UNSIGNED NOT NULL AUTO_INCREMENT, AUTO_INCREMENT=76;

--
-- AUTO_INCREMENT de la tabla `orders_logs`
--
ALTER TABLE `orders_logs`
  MODIFY `id` bigint(20) UNSIGNED NOT NULL AUTO_INCREMENT, AUTO_INCREMENT=28;

--
-- AUTO_INCREMENT de la tabla `orders_products`
--
ALTER TABLE `orders_products`
  MODIFY `id` bigint(20) UNSIGNED NOT NULL AUTO_INCREMENT, AUTO_INCREMENT=86;

--
-- AUTO_INCREMENT de la tabla `order_statuses`
--
ALTER TABLE `order_statuses`
  MODIFY `id` bigint(20) UNSIGNED NOT NULL AUTO_INCREMENT, AUTO_INCREMENT=10;

--
-- AUTO_INCREMENT de la tabla `payments`
--
ALTER TABLE `payments`
  MODIFY `id` bigint(20) UNSIGNED NOT NULL AUTO_INCREMENT, AUTO_INCREMENT=3;

--
-- AUTO_INCREMENT de la tabla `personal_access_tokens`
--
ALTER TABLE `personal_access_tokens`
  MODIFY `id` bigint(20) UNSIGNED NOT NULL AUTO_INCREMENT;

--
-- AUTO_INCREMENT de la tabla `products`
--
ALTER TABLE `products`
  MODIFY `id` bigint(20) UNSIGNED NOT NULL AUTO_INCREMENT, AUTO_INCREMENT=28;

--
-- AUTO_INCREMENT de la tabla `products_attributes`
--
ALTER TABLE `products_attributes`
  MODIFY `id` bigint(20) UNSIGNED NOT NULL AUTO_INCREMENT, AUTO_INCREMENT=25;

--
-- AUTO_INCREMENT de la tabla `products_filters`
--
ALTER TABLE `products_filters`
  MODIFY `id` bigint(20) UNSIGNED NOT NULL AUTO_INCREMENT, AUTO_INCREMENT=10;

--
-- AUTO_INCREMENT de la tabla `products_filters_values`
--
ALTER TABLE `products_filters_values`
  MODIFY `id` bigint(20) UNSIGNED NOT NULL AUTO_INCREMENT, AUTO_INCREMENT=30;

--
-- AUTO_INCREMENT de la tabla `products_images`
--
ALTER TABLE `products_images`
  MODIFY `id` bigint(20) UNSIGNED NOT NULL AUTO_INCREMENT, AUTO_INCREMENT=24;

--
-- AUTO_INCREMENT de la tabla `ratings`
--
ALTER TABLE `ratings`
  MODIFY `id` bigint(20) UNSIGNED NOT NULL AUTO_INCREMENT;

--
-- AUTO_INCREMENT de la tabla `recently_viewed_products`
--
ALTER TABLE `recently_viewed_products`
  MODIFY `id` bigint(20) UNSIGNED NOT NULL AUTO_INCREMENT, AUTO_INCREMENT=140;

--
-- AUTO_INCREMENT de la tabla `sections`
--
ALTER TABLE `sections`
  MODIFY `id` bigint(20) UNSIGNED NOT NULL AUTO_INCREMENT, AUTO_INCREMENT=5;

--
-- AUTO_INCREMENT de la tabla `shipping_charges`
--
ALTER TABLE `shipping_charges`
  MODIFY `id` bigint(20) UNSIGNED NOT NULL AUTO_INCREMENT, AUTO_INCREMENT=241;

--
-- AUTO_INCREMENT de la tabla `users`
--
ALTER TABLE `users`
  MODIFY `id` bigint(20) UNSIGNED NOT NULL AUTO_INCREMENT, AUTO_INCREMENT=13;

--
-- AUTO_INCREMENT de la tabla `vendors`
--
ALTER TABLE `vendors`
  MODIFY `id` bigint(20) UNSIGNED NOT NULL AUTO_INCREMENT, AUTO_INCREMENT=6;

--
-- AUTO_INCREMENT de la tabla `vendors_bank_details`
--
ALTER TABLE `vendors_bank_details`
  MODIFY `id` bigint(20) UNSIGNED NOT NULL AUTO_INCREMENT, AUTO_INCREMENT=6;

--
-- AUTO_INCREMENT de la tabla `vendors_business_details`
--
ALTER TABLE `vendors_business_details`
  MODIFY `id` bigint(20) UNSIGNED NOT NULL AUTO_INCREMENT, AUTO_INCREMENT=6;
COMMIT;

/*!40101 SET CHARACTER_SET_CLIENT=@OLD_CHARACTER_SET_CLIENT */;
/*!40101 SET CHARACTER_SET_RESULTS=@OLD_CHARACTER_SET_RESULTS */;
/*!40101 SET COLLATION_CONNECTION=@OLD_COLLATION_CONNECTION */;
